category_tidy,county_l1,town_tidy,criteria_tidy,2014.0,2015.0,2016.0,2017.0,2018.0,2019.0,pred_linreg,pred_lasso,pred_ridge,pred_elasticnet,pred_treereg,pred_randforest,pred_bagging,pred_adaboost,pred_gradboost,pred_gradboost_dft
Village,Monaghan,Glaslough,TOTAL MARK,315.0,320.0,324.0,330.0,338.0,346.0,345.03,344.97,344.91,344.87,344.0,343.04,342.72,339.73,342.14,342.56
Large Urban Centre,Clare,Ennis,TOTAL MARK,314.0,321.0,326.0,331.0,336.0,345.0,342.63,342.65,342.65,342.64,344.0,343.98,343.38,339.73,342.35,343.67
Small Town,Louth,Blackrock,TOTAL MARK,308.0,312.0,317.0,325.0,334.0,345.0,341.5,341.37,341.29,341.19,341.0,344.13,343.16,339.73,341.15,343.67
Large Town,Mayo,Westport,TOTAL MARK,318.0,322.0,325.0,331.0,336.0,345.0,342.56,342.55,342.52,342.54,344.0,344.21,343.68,339.73,342.35,343.97
Small Town,Kerry,Listowel,TOTAL MARK,311.0,322.0,325.0,329.0,339.0,344.0,345.92,345.88,345.85,345.84,344.0,343.41,343.09,339.73,342.14,343.12
Small Town,Cork,Clonakilty,TOTAL MARK,315.0,320.0,324.0,330.0,337.0,344.0,343.91,343.86,343.82,343.79,344.0,342.98,342.68,339.73,342.14,342.46
Village,Offaly,Geashill,TOTAL MARK,309.0,315.0,320.0,325.0,332.0,344.0,338.89,338.86,338.84,338.81,341.0,342.0,340.8,339.59,340.96,342.39
Village,Tipperary,Terryglass,TOTAL MARK,312.0,320.0,324.0,329.0,336.0,344.0,342.78,342.76,342.74,342.73,344.0,343.22,342.9,339.73,342.14,342.68
Large Urban Centre,Cork,Ballincollig,TOTAL MARK,311.0,317.0,321.0,327.0,338.0,344.0,345.41,345.28,345.2,345.12,344.0,343.51,342.94,339.73,342.14,343.16
Village,Carlow,Clonegal,TOTAL MARK,319.0,322.0,325.0,328.0,334.0,342.0,340.33,340.36,340.34,340.38,341.0,341.84,341.92,339.73,340.72,341.2
Village,Longford,Abbeyshrule,TOTAL MARK,316.0,320.0,325.0,328.0,337.0,342.0,343.91,343.87,343.84,343.79,344.0,342.03,342.16,339.73,342.14,342.46
Small Town,Laois,Abbeyleix,TOTAL MARK,306.0,315.0,324.0,327.0,334.0,342.0,341.06,341.06,341.09,340.98,341.0,341.8,341.84,339.73,340.72,341.41
Village,Waterford,Stradbally,TOTAL MARK,310.0,314.0,318.0,324.0,330.0,342.0,336.78,336.76,336.72,336.72,336.5,340.07,338.18,339.49,337.35,338.62
Large Town,Kerry,Killarney,TOTAL MARK,317.0,321.0,323.0,328.0,334.0,342.0,340.46,340.46,340.42,340.47,341.0,341.21,341.42,339.73,340.72,340.8
Large Urban Centre,Kilkenny,Kilkenny,TOTAL MARK,320.0,321.0,325.0,330.0,337.0,342.0,343.81,343.76,343.71,343.68,344.0,342.69,342.52,339.73,342.14,342.59
Village,Roscommon,Keadue,TOTAL MARK,313.0,319.0,323.0,328.0,336.0,342.0,342.91,342.87,342.83,342.8,344.0,342.2,342.23,339.73,342.14,342.68
Village,Roscommon,Castlecoote,TOTAL MARK,312.0,320.0,324.0,329.0,337.0,341.0,343.9,343.87,343.84,343.81,344.0,341.99,342.35,339.73,342.14,342.68
Small Town,Waterford,Lismore,TOTAL MARK,314.0,321.0,324.0,329.0,335.0,341.0,341.55,341.56,341.54,341.57,341.0,341.0,341.47,339.73,340.72,340.89
Village,Tipperary,Emly,TOTAL MARK,318.0,321.0,325.0,329.0,334.0,341.0,340.43,340.45,340.44,340.46,341.0,341.25,341.48,339.73,340.72,340.8
Large Town,Meath,Trim,TOTAL MARK,309.0,316.0,322.0,326.0,334.0,340.0,341.0,340.97,340.95,340.89,341.0,341.14,341.4,339.73,340.72,340.83
Village,Waterford,Ballymacarbry,TOTAL MARK,301.0,307.0,314.0,322.0,331.0,340.0,338.7,338.57,338.51,338.37,336.5,339.07,338.5,339.49,337.61,338.54
Village,Kilkenny,Inistioge,TOTAL MARK,306.0,314.0,318.0,325.0,332.0,340.0,339.01,338.96,338.92,338.9,341.0,342.49,341.27,339.59,341.07,342.52
Village,Cork,Rosscarbery,TOTAL MARK,308.0,317.0,323.0,326.0,332.0,340.0,338.62,338.66,338.69,338.67,341.0,339.32,339.3,339.59,340.64,340.74
Village,Cork,Coolagown,TOTAL MARK,315.0,319.0,323.0,328.0,334.0,339.0,340.67,340.66,340.63,340.63,341.0,339.81,340.64,339.73,340.72,340.68
Village,Tipperary,Birdhill,TOTAL MARK,315.0,321.0,326.0,332.0,335.0,339.0,341.51,341.54,341.55,341.55,341.0,340.38,341.11,339.73,340.72,340.13
Village,Waterford,Ardmore,TOTAL MARK,311.0,318.0,321.0,325.0,329.0,339.0,335.17,335.25,335.26,335.34,336.5,336.45,336.26,337.23,335.53,335.69
Village,Galway,Milltown,TOTAL MARK,307.0,312.0,318.0,323.0,327.0,339.0,333.61,333.65,333.66,333.65,333.0,337.29,336.7,335.78,333.94,335.23
Small Town,Carlow,Leighlinbridge,TOTAL MARK,314.0,321.0,322.0,326.0,331.0,338.0,337.09,337.15,337.15,337.26,336.5,337.49,337.8,339.59,337.58,337.7
Large Town,Dublin,Skerries,TOTAL MARK,316.0,321.0,327.0,330.0,333.0,338.0,339.26,339.34,339.38,339.39,341.0,338.7,340.04,339.73,340.3,339.19
Large Town,Cork,Cobh,TOTAL MARK,301.0,308.0,317.0,323.0,330.0,338.0,337.42,337.36,337.35,337.22,336.5,338.39,337.96,339.49,337.27,338.0
Large Urban Centre,Donegal,Letterkenny,TOTAL MARK,314.0,323.0,323.0,326.0,330.0,337.0,335.73,335.85,335.87,336.04,336.5,336.86,336.91,339.49,337.25,337.16
Village,Meath,Moynalty,TOTAL MARK,317.0,320.0,324.0,327.0,333.0,337.0,339.43,339.46,339.45,339.46,341.0,339.87,340.46,339.73,340.64,340.57
Small Town,Sligo,Coolaney/Rockfield-Cúil,TOTAL MARK,302.0,309.0,314.0,322.0,329.0,337.0,336.23,336.16,336.11,336.06,336.5,336.14,335.95,337.23,335.55,335.86
Village,Kilkenny,Tullahought,TOTAL MARK,305.0,312.0,317.0,324.0,329.0,336.0,335.87,335.85,335.84,335.82,336.5,336.41,336.37,337.23,335.55,335.8
Small Town,Leitrim,Carrick-On-Shannon,TOTAL MARK,310.0,315.0,320.0,324.0,329.0,336.0,335.52,335.55,335.56,335.57,336.5,334.82,334.89,337.23,335.53,335.69
Village,Galway,Abbey,TOTAL MARK,306.0,310.0,315.0,318.0,326.0,336.0,332.78,332.77,332.75,332.73,333.0,334.4,333.42,332.29,332.66,333.65
Small Town,Kildare,Straffan,TOTAL MARK,313.0,317.0,320.0,325.0,330.0,336.0,336.43,336.45,336.43,336.48,336.5,336.54,336.68,339.49,337.25,337.25
Large Town,Dublin,Dalkey,TOTAL MARK,298.0,307.0,315.0,321.0,328.0,336.0,335.3,335.26,335.26,335.16,333.0,334.75,334.94,335.78,333.86,334.09
Village,Tipperary,Silvermines,TOTAL MARK,307.0,316.0,319.0,322.0,329.0,336.0,335.42,335.46,335.47,335.52,336.5,335.59,335.48,337.23,335.53,335.46
Large Town,Wicklow,Wicklow,TOTAL MARK,290.0,295.0,304.0,311.0,323.0,336.0,331.16,330.99,330.91,330.71,329.0,333.94,333.11,329.33,331.33,332.02
Small Town,Kerry,Kenmare,TOTAL MARK,315.0,320.0,324.0,327.0,331.0,336.0,337.17,337.25,337.27,337.32,336.5,336.63,337.12,339.59,337.58,337.34
Large Town,Offaly,Tullamore,TOTAL MARK,306.0,311.0,315.0,319.0,327.0,336.0,333.79,333.77,333.74,333.74,333.0,335.39,335.17,335.78,333.94,335.03
Small Town,Limerick,Adare,TOTAL MARK,312.0,316.0,318.0,321.0,328.0,335.0,334.34,334.36,334.34,334.41,333.0,334.47,334.53,336.14,333.94,334.33
Large Urban Centre,Tipperary,Clonmel,TOTAL MARK,310.0,317.0,321.0,326.0,330.0,335.0,336.4,336.45,336.46,336.5,336.5,335.98,336.25,339.49,337.25,337.1
Village,Cork,Rathbarry,TOTAL MARK,311.0,319.0,322.0,324.0,328.0,335.0,333.93,334.05,334.09,334.19,333.0,334.12,334.31,336.67,333.84,333.59
Large Urban Centre,Kildare,Naas,TOTAL MARK,306.0,314.0,318.0,324.0,331.0,335.0,337.89,337.86,337.83,337.83,336.5,340.5,339.4,339.59,337.69,338.9
Large Town,Wicklow,Arklow,TOTAL MARK,291.0,298.0,303.0,309.0,322.0,335.0,329.74,329.59,329.51,329.41,329.0,333.07,331.77,329.06,331.33,332.08
Small Town,Cork,Bantry,TOTAL MARK,307.0,312.0,316.0,320.0,325.0,334.0,331.41,331.45,331.45,331.5,331.0,332.09,331.66,329.58,331.18,332.17
Small Town,Wicklow,Aughrim,TOTAL MARK,310.0,315.0,319.0,321.0,327.0,334.0,333.3,333.36,333.37,333.42,333.0,333.76,333.82,335.78,333.84,333.89
Village,Clare,Ballynacally,TOTAL MARK,307.0,312.0,316.0,321.0,325.0,334.0,331.4,331.45,331.45,331.49,331.0,331.67,331.52,329.58,331.18,332.17
Village,Cork,Kilbrittain,TOTAL MARK,293.0,297.0,304.0,312.0,320.0,334.0,327.57,327.47,327.41,327.3,325.0,325.48,325.25,326.42,326.05,326.12
Village,Cork,Lislevane,TOTAL MARK,302.0,312.0,318.0,322.0,326.0,334.0,332.47,332.55,332.59,332.61,333.0,333.3,333.18,332.29,332.57,332.91
Small Town,Kildare,Kill,TOTAL MARK,305.0,310.0,314.0,320.0,329.0,334.0,336.15,336.07,336.01,335.97,336.5,334.78,335.19,337.23,335.55,335.73
Small Town,Cork,Kinsale,TOTAL MARK,310.0,314.0,319.0,324.0,329.0,333.0,335.64,335.65,335.64,335.64,336.5,334.92,334.96,337.23,335.53,335.4
Village,Cork,Ballydehob,TOTAL MARK,304.0,312.0,316.0,320.0,325.0,333.0,331.4,331.45,331.47,331.52,331.0,332.46,331.96,329.58,331.1,331.23
Large Town,Donegal,Buncrana,TOTAL MARK,300.0,313.0,317.0,322.0,326.0,333.0,332.37,332.45,332.49,332.55,333.0,332.54,332.64,332.29,332.57,332.71
Large Town,Cork,Youghal,TOTAL MARK,300.0,305.0,311.0,318.0,325.0,333.0,332.22,332.16,332.12,332.06,331.0,332.2,331.83,329.4,331.1,331.17
Small Town,Offaly,Birr,TOTAL MARK,286.0,293.0,299.0,303.0,313.0,332.0,320.23,320.18,320.15,320.11,321.0,327.42,325.3,324.74,321.67,323.66
Village,Clare,Ballyvaughan,TOTAL MARK,300.0,306.0,316.0,320.0,323.0,332.0,329.78,329.84,329.9,329.82,329.0,330.84,330.58,329.33,329.55,329.68
Village,Cork,Eyeries,TOTAL MARK,310.0,316.0,319.0,322.0,327.0,332.0,333.18,333.25,333.26,333.34,333.0,332.72,333.45,335.78,333.84,333.49
Village,Kerry,Sneem,TOTAL MARK,312.0,317.0,322.0,325.0,328.0,332.0,334.15,334.24,334.28,334.33,333.0,332.98,333.6,336.67,333.84,333.42
Village,Mayo,Mulranny,TOTAL MARK,297.0,304.0,311.0,319.0,325.0,332.0,332.32,332.26,332.23,332.15,331.0,331.73,331.45,329.4,331.1,331.17
Village,Wexford,Blackwater,TOTAL MARK,297.0,304.0,309.0,316.0,319.0,332.0,325.6,325.64,325.65,325.68,327.0,329.74,328.32,326.42,326.05,326.12
Village,Westmeath,Ballinahown,TOTAL MARK,311.0,314.0,319.0,322.0,327.0,332.0,333.4,333.45,333.46,333.48,333.0,333.25,333.7,335.78,333.84,333.89
Large Town,Roscommon,Roscommon,TOTAL MARK,298.0,304.0,311.0,320.0,326.0,332.0,333.44,333.36,333.31,333.22,333.0,332.27,332.2,332.06,332.33,332.4
Village,Longford,Newtowncashel,TOTAL MARK,311.0,314.0,317.0,320.0,325.0,332.0,331.19,331.25,331.25,331.32,331.0,331.77,331.54,329.58,331.18,331.43
Village,Limerick,Galbally,TOTAL MARK,306.0,308.0,313.0,317.0,324.0,332.0,330.77,330.76,330.73,330.72,331.0,330.53,330.26,329.58,330.56,331.49
Village,Leitrim,Dromod,TOTAL MARK,315.0,318.0,322.0,325.0,328.0,332.0,334.05,334.14,334.16,334.23,333.0,333.54,333.66,336.67,333.84,333.18
Village,Limerick,Ardpatrick,TOTAL MARK,305.0,309.0,314.0,319.0,326.0,331.0,332.89,332.86,332.83,332.81,333.0,331.89,332.18,332.29,332.57,332.52
Small Town,Wexford,Rosslare,TOTAL MARK,295.0,300.0,308.0,315.0,322.0,331.0,329.43,329.36,329.33,329.22,329.0,329.3,329.52,329.06,330.0,329.62
Village,Louth,Knockbridge,TOTAL MARK,309.0,311.0,314.0,319.0,325.0,331.0,331.56,331.56,331.52,331.56,331.0,331.28,331.14,329.58,331.18,331.75
Village,Donegal,Carrigart,TOTAL MARK,306.0,314.0,317.0,321.0,325.0,331.0,331.17,331.25,331.27,331.36,331.0,331.37,331.45,329.58,331.18,331.43
Large Town,Mayo,Castlebar,TOTAL MARK,299.0,305.0,309.0,316.0,324.0,331.0,331.14,331.07,331.01,330.99,331.0,330.45,330.5,329.33,330.48,330.55
Village,Clare,Mountshannon,TOTAL MARK,312.0,315.0,320.0,324.0,329.0,331.0,335.53,335.55,335.55,335.55,336.5,335.08,335.08,337.23,335.53,335.65
Village,Cork,Timoleague,TOTAL MARK,306.0,313.0,315.0,320.0,325.0,331.0,331.31,331.35,331.34,331.43,331.0,331.36,331.42,329.58,331.18,331.43
Village,Offaly,Clonbullogue,TOTAL MARK,305.0,312.0,316.0,322.0,326.0,331.0,332.51,332.55,332.55,332.59,333.0,331.87,332.4,332.29,332.57,332.58
Village,Roscommon,Cloontuskert,TOTAL MARK,299.0,307.0,314.0,319.0,325.0,331.0,331.96,331.96,331.97,331.92,331.0,331.18,331.18,329.4,331.1,331.17
Small Town,Dublin,Cabinteely,TOTAL MARK,299.0,304.0,308.0,318.0,322.0,331.0,328.99,328.95,328.9,328.9,329.0,329.97,329.84,329.06,329.55,329.62
Village,Kerry,Portmagee,TOTAL MARK,304.0,307.0,313.0,318.0,324.0,331.0,330.87,330.86,330.84,330.8,331.0,330.69,330.39,329.33,330.48,330.55
Village,Kerry,Knightstown,TOTAL MARK,304.0,310.0,315.0,320.0,325.0,331.0,331.63,331.65,331.65,331.66,331.0,331.35,331.46,329.58,331.1,331.23
Small Town,Cork,Skibbereen,TOTAL MARK,294.0,305.0,308.0,314.0,322.0,331.0,328.89,328.87,328.84,328.87,329.0,330.0,329.78,329.06,329.55,329.62
Large Urban Centre,Kerry,Tralee,TOTAL MARK,303.0,305.0,312.0,314.0,323.0,331.0,330.0,329.97,329.95,329.89,329.0,329.78,329.8,329.33,329.55,329.62
Village,Roscommon,Ballintubber,TOTAL MARK,300.0,306.0,316.0,322.0,327.0,331.0,334.27,334.25,334.27,334.13,333.0,332.28,333.18,335.72,333.61,333.84
Small Town,Cork,Macroom,TOTAL MARK,303.0,307.0,313.0,318.0,325.0,330.0,331.99,331.96,331.94,331.89,331.0,330.78,330.82,329.4,331.1,331.17
Village,Sligo,Riverstown,TOTAL MARK,292.0,297.0,303.0,311.0,321.0,330.0,328.72,328.58,328.5,328.39,325.0,325.69,325.31,326.71,326.05,326.44
Village,Donegal,Malin,TOTAL MARK,307.0,317.0,318.0,323.0,324.0,330.0,329.69,329.83,329.88,330.05,331.0,330.66,330.94,329.73,330.56,330.66
Village,Cork,Innishannon,TOTAL MARK,296.0,304.0,310.0,317.0,325.0,330.0,332.34,332.27,332.23,332.16,331.0,330.8,330.74,329.4,331.1,331.17
Large Urban Centre,Louth,Drogheda,TOTAL MARK,304.0,307.0,312.0,317.0,323.0,330.0,329.76,329.76,329.73,329.73,329.0,329.5,329.4,329.33,329.55,329.62
Large Town,Waterford,Dungarvan,TOTAL MARK,300.0,304.0,310.0,318.0,323.0,329.0,330.09,330.05,330.02,329.97,329.0,329.26,329.62,329.33,329.55,329.62
Village,Clare,Tuamgraney,TOTAL MARK,306.0,309.0,314.0,318.0,321.0,329.0,327.27,327.34,327.36,327.41,327.0,328.09,327.78,326.83,326.13,327.06
Village,Laois,Castletown,TOTAL MARK,307.0,314.0,316.0,319.0,323.0,329.0,328.94,329.05,329.07,329.2,329.0,329.14,329.55,329.58,329.63,329.88
Village,Galway,Monivea,TOTAL MARK,304.0,309.0,313.0,317.0,322.0,329.0,328.41,328.45,328.46,328.5,329.0,328.88,328.98,329.33,329.55,329.62
Village,Carlow,Ballon,TOTAL MARK,289.0,295.0,307.0,311.0,317.0,329.0,324.36,324.36,324.4,324.24,327.0,327.07,326.42,325.88,324.46,325.15
Large Town,Monaghan,Monaghan,TOTAL MARK,292.0,302.0,309.0,316.0,323.0,328.0,330.31,330.26,330.25,330.18,329.0,328.64,328.93,329.33,329.55,329.62
Small Town,Mayo,Belmullet/Beal An Mhuirthead,TOTAL MARK,308.0,319.0,319.0,321.0,323.0,328.0,328.35,328.54,328.6,328.83,329.0,328.76,329.15,329.58,329.63,329.18
Village,Carlow,Clonmore,TOTAL MARK,295.0,300.0,308.0,313.0,319.0,327.0,326.07,326.06,326.06,325.99,327.0,326.69,326.13,326.42,326.05,326.12
Village,Cork,Kilworth,TOTAL MARK,298.0,303.0,309.0,313.0,322.0,327.0,329.12,329.07,329.04,328.99,329.0,327.82,328.17,329.06,329.55,329.62
Village,Tipperary,Dundrum,TOTAL MARK,294.0,296.0,301.0,308.0,315.0,327.0,322.12,322.06,322.01,321.98,321.0,324.04,323.56,324.74,321.21,321.69
Village,Westmeath,Tyrrellspass,TOTAL MARK,288.0,296.0,306.0,311.0,318.0,327.0,325.39,325.36,325.38,325.26,325.0,325.53,325.46,326.12,324.46,325.15
Village,Wicklow,Grangecon,TOTAL MARK,276.0,284.0,290.0,299.0,311.0,327.0,319.06,318.89,318.8,318.68,319.0,322.75,321.43,321.61,320.81,322.03
Large Town,Cavan,Cavan,TOTAL MARK,294.0,307.0,314.0,318.0,322.0,327.0,328.56,328.65,328.71,328.72,329.0,328.09,328.64,329.06,329.55,329.62
Large Urban Centre,Dublin,Malahide,TOTAL MARK,300.0,303.0,307.0,313.0,320.0,327.0,326.9,326.86,326.82,326.82,327.0,326.37,325.86,326.42,326.05,326.12
Small Town,Cork,Millstreet,TOTAL MARK,297.0,302.0,308.0,314.0,321.0,327.0,328.1,328.06,328.03,327.99,327.0,327.13,326.86,326.71,326.05,326.12
Large Urban Centre,Louth,Dundalk,TOTAL MARK,303.0,306.0,309.0,314.0,320.0,327.0,326.55,326.56,326.53,326.58,327.0,326.76,326.42,326.42,326.05,326.12
Small Town,Donegal,Raphoe,TOTAL MARK,305.0,309.0,310.0,314.0,318.0,326.0,323.97,324.05,324.04,324.19,327.0,324.49,325.08,326.12,324.46,324.1
Small Town,Louth,Carlingford,TOTAL MARK,286.0,292.0,302.0,308.0,316.0,326.0,323.64,323.57,323.56,323.41,321.0,325.53,324.88,324.74,322.22,323.55
Small Town,Meath,Athboy,TOTAL MARK,282.0,285.0,295.0,308.0,317.0,326.0,325.61,325.37,325.26,325.02,325.0,325.27,325.53,325.88,324.46,324.9
Small Town,Tipperary,Cahir,TOTAL MARK,292.0,297.0,304.0,312.0,321.0,326.0,328.7,328.57,328.51,328.39,325.0,325.67,325.42,326.71,326.05,326.12
Small Town,Kildare,Rathangan,TOTAL MARK,304.0,309.0,315.0,315.0,319.0,326.0,325.01,325.15,325.21,325.27,327.0,326.21,326.25,326.71,326.05,326.18
Village,Cork,Kildorrery,TOTAL MARK,285.0,297.0,304.0,310.0,319.0,326.0,326.43,326.37,326.36,326.29,325.0,326.23,325.26,326.42,326.05,326.33
Small Town,Limerick,Castleconnell,TOTAL MARK,290.0,296.0,306.0,310.0,320.0,326.0,327.66,327.58,327.56,327.4,325.0,325.97,325.79,326.42,326.05,326.74
Large Urban Centre,Kildare,Leixlip,TOTAL MARK,291.0,296.0,301.0,312.0,321.0,326.0,328.84,328.67,328.57,328.47,325.0,325.72,325.62,326.71,326.05,326.53
Village,Cork,Kiskeam,TOTAL MARK,303.0,307.0,311.0,315.0,323.0,326.0,329.79,329.77,329.73,329.74,329.0,327.08,328.38,329.33,329.55,329.62
Village,Laois,Ballacolla,TOTAL MARK,305.0,313.0,315.0,318.0,321.0,326.0,326.81,326.94,326.98,327.13,327.0,327.78,327.67,326.83,326.05,326.06
Large Town,Dublin,Shankill,TOTAL MARK,298.0,302.0,309.0,312.0,317.0,326.0,323.6,323.65,323.68,323.67,327.0,324.97,325.18,325.88,324.46,324.23
Small Town,Donegal,Moville,TOTAL MARK,291.0,297.0,303.0,310.0,315.0,325.0,321.96,321.95,321.94,321.93,321.0,323.6,322.48,324.74,321.21,321.22
Large Urban Centre,Cork,Carrigaline,TOTAL MARK,286.0,294.0,306.0,313.0,321.0,325.0,328.96,328.87,328.86,328.65,325.0,325.6,325.76,326.71,326.05,326.74
Village,Cork,Glengarriff,TOTAL MARK,298.0,301.0,305.0,310.0,316.0,325.0,322.65,322.66,322.63,322.67,320.0,323.69,323.12,324.74,322.22,322.23
Village,Cork,Castlelyons-Bridesbridge,TOTAL MARK,294.0,298.0,304.0,312.0,320.0,325.0,327.47,327.37,327.3,327.22,325.0,325.18,325.1,326.42,326.05,326.12
Village,Cavan,Redhills,TOTAL MARK,285.0,294.0,304.0,316.0,320.0,325.0,327.84,327.75,327.73,327.57,325.0,325.96,325.98,326.42,326.05,326.21
Small Town,Tipperary,Cashel,TOTAL MARK,292.0,301.0,306.0,312.0,318.0,325.0,324.85,324.86,324.86,324.86,325.0,323.65,324.4,326.12,324.46,324.23
Small Town,Limerick,Kilmallock,TOTAL MARK,301.0,303.0,308.0,311.0,318.0,324.0,324.65,324.66,324.65,324.66,327.0,324.56,324.56,326.12,324.46,324.36
Village,Laois,Durrow,TOTAL MARK,300.0,305.0,306.0,309.0,318.0,324.0,324.47,324.47,324.43,324.53,325.0,324.08,324.28,326.12,324.46,324.47
Large Town,Dublin,Raheny,TOTAL MARK,281.0,294.0,302.0,308.0,314.0,324.0,321.15,321.16,321.19,321.14,321.0,322.01,321.94,324.74,321.21,321.37
Village,Clare,Ruan,TOTAL MARK,292.0,299.0,305.0,311.0,316.0,324.0,322.84,322.85,322.86,322.85,321.0,322.89,322.4,324.74,322.22,322.12
Village,Sligo,Ballintogher,TOTAL MARK,285.0,292.0,298.0,307.0,317.0,323.0,324.82,324.68,324.6,324.5,325.0,324.1,324.64,325.88,324.46,324.63
Village,Wexford,Duncormick,TOTAL MARK,280.0,286.0,297.0,302.0,310.0,323.0,317.62,317.57,317.57,317.42,316.0,320.18,319.35,316.72,316.17,317.4
Village,Kildare,Ardclough,TOTAL MARK,291.0,300.0,305.0,310.0,319.0,323.0,326.11,326.07,326.05,326.03,325.0,325.66,324.73,326.42,326.05,326.12
Village,Cork,Bere Island,TOTAL MARK,299.0,306.0,309.0,313.0,318.0,323.0,324.29,324.35,324.36,324.45,327.0,323.4,324.1,326.12,324.46,324.23
Large Urban Centre,Dublin,Swords,TOTAL MARK,275.0,282.0,286.0,305.0,317.0,323.0,326.05,325.69,325.47,325.29,325.0,324.22,324.54,325.88,324.7,323.97
Village,Cork,Glounthaune,TOTAL MARK,266.0,276.0,285.0,295.0,310.0,323.0,318.86,318.61,318.49,318.26,315.0,320.21,317.89,316.72,316.71,317.6
Village,Louth,Reaghstown,TOTAL MARK,298.0,301.0,306.0,311.0,321.0,323.0,328.26,328.18,328.11,328.06,325.0,324.65,325.16,326.71,326.05,326.12
Village,Kildare,Broadford,TOTAL MARK,299.0,305.0,309.0,316.0,319.0,323.0,325.5,325.54,325.54,325.59,327.0,325.89,326.32,326.42,326.05,326.12
Large Urban Centre,Kildare,Celbridge,TOTAL MARK,289.0,295.0,301.0,311.0,318.0,322.0,325.57,325.46,325.4,325.32,325.0,323.33,323.94,326.12,324.46,325.15
Large Town,Tipperary,Roscrea,TOTAL MARK,289.0,297.0,304.0,313.0,318.0,322.0,325.3,325.25,325.23,325.17,325.0,322.81,323.42,326.12,324.46,324.44
Large Urban Centre,Carlow,Carlow,TOTAL MARK,302.0,306.0,304.0,310.0,316.0,322.0,322.14,322.16,322.1,322.28,320.0,322.49,322.48,324.74,322.22,322.23
Large Town,Mayo,Ballina,TOTAL MARK,287.0,295.0,299.0,310.0,316.0,322.0,323.34,323.26,323.19,323.18,321.0,324.76,324.27,324.74,322.22,322.9
Large Urban Centre,Wexford,Wexford,TOTAL MARK,281.0,289.0,298.0,309.0,314.0,322.0,321.74,321.65,321.62,321.5,321.0,322.41,323.23,324.74,321.21,321.65
Village,Tipperary,Portroe,TOTAL MARK,288.0,297.0,302.0,311.0,316.0,322.0,323.08,323.05,323.03,323.03,321.0,323.05,322.6,324.74,322.22,322.33
Large Town,Waterford,Tramore,TOTAL MARK,291.0,297.0,304.0,308.0,313.0,321.0,319.71,319.75,319.78,319.77,321.0,321.13,321.02,324.74,321.21,321.22
Large Town,Tipperary,Nenagh,TOTAL MARK,282.0,294.0,300.0,311.0,315.0,321.0,322.29,322.25,322.23,322.21,321.0,322.45,322.27,324.74,321.21,321.37
Large Urban Centre,Sligo,Sligo,TOTAL MARK,263.0,273.0,285.0,301.0,313.0,321.0,322.52,322.19,322.06,321.72,321.0,322.47,323.23,324.74,322.21,322.43
Village,Tipperary,Killoscully,TOTAL MARK,290.0,299.0,304.0,314.0,316.0,321.0,322.82,322.84,322.84,322.86,321.0,321.43,321.5,324.74,322.22,322.2
Village,Wicklow,Stratford-On-Slaney,TOTAL MARK,296.0,299.0,305.0,312.0,316.0,321.0,322.85,322.85,322.83,322.82,321.0,321.37,321.84,324.74,322.22,321.99
Village,Kilkenny,Kells,TOTAL MARK,283.0,289.0,298.0,303.0,315.0,321.0,322.92,322.79,322.74,322.58,321.0,324.55,324.45,324.74,321.67,322.77
Village,Wexford,Clonroche,TOTAL MARK,290.0,297.0,306.0,308.0,312.0,321.0,318.55,318.65,318.72,318.7,319.0,320.75,320.48,322.23,319.88,320.1
Village,Clare,Labasheeda,TOTAL MARK,293.0,297.0,305.0,308.0,312.0,321.0,318.58,318.65,318.69,318.68,319.0,320.53,320.3,322.23,319.7,319.71
Small Town,Meath,Enfield,TOTAL MARK,294.0,297.0,304.0,309.0,315.0,320.0,321.97,321.96,321.95,321.91,321.0,320.76,321.52,324.74,321.21,321.22
Village,Leitrim,Cloone,TOTAL MARK,291.0,297.0,303.0,308.0,314.0,320.0,320.85,320.86,320.86,320.85,321.0,321.04,321.06,324.74,321.21,321.22
Village,Meath,Batterstown,TOTAL MARK,294.0,300.0,306.0,310.0,315.0,320.0,321.6,321.65,321.67,321.69,320.0,320.72,320.7,324.74,321.21,321.22
Large Town,Longford,Longford,TOTAL MARK,293.0,298.0,302.0,306.0,315.0,320.0,321.9,321.87,321.84,321.85,321.0,320.38,320.6,324.74,321.21,320.3
Village,Meath,Castletown Kilpatrick,TOTAL MARK,298.0,301.0,309.0,313.0,316.0,320.0,322.58,322.64,322.68,322.66,320.0,321.0,321.68,324.74,322.22,321.99
Village,Cork,Union Hall,TOTAL MARK,285.0,295.0,299.0,305.0,312.0,320.0,318.86,318.86,318.85,318.89,319.0,320.18,320.35,322.23,319.88,319.51
Village,Kerry,Tarbert,TOTAL MARK,292.0,296.0,301.0,306.0,314.0,320.0,321.0,320.97,320.93,320.92,321.0,320.43,320.82,324.74,321.21,320.77
Large Town,Kildare,Clane,TOTAL MARK,291.0,295.0,299.0,306.0,313.0,320.0,320.01,319.96,319.91,319.92,321.0,321.1,321.32,324.74,321.21,320.77
Village,Cork,Sherkin Island,TOTAL MARK,294.0,300.0,302.0,307.0,314.0,320.0,320.55,320.56,320.53,320.62,320.0,319.89,320.32,324.74,321.21,320.3
Village,Tipperary,Holycross,TOTAL MARK,294.0,300.0,305.0,312.0,315.0,320.0,321.61,321.64,321.65,321.68,320.0,319.99,320.09,324.74,321.21,320.98
Village,Tipperary,Lorrha,TOTAL MARK,291.0,300.0,304.0,312.0,316.0,320.0,322.73,322.75,322.74,322.79,320.0,320.55,320.8,324.74,322.22,321.99
Large Urban Centre,Westmeath,Athlone,TOTAL MARK,275.0,281.0,294.0,300.0,305.0,320.0,312.57,312.55,312.59,312.43,311.0,315.8,314.58,312.78,311.88,313.43
Village,Kilkenny,Gowran,TOTAL MARK,292.0,297.0,302.0,306.0,316.0,319.0,323.13,323.08,323.04,323.01,321.0,322.06,321.88,324.74,322.22,321.31
Large Urban Centre,Kildare,Newbridge,TOTAL MARK,297.0,302.0,304.0,306.0,315.0,319.0,321.45,321.47,321.45,321.53,320.0,319.47,320.37,324.74,321.21,320.3
Village,Laois,Emo,TOTAL MARK,292.0,300.0,303.0,311.0,315.0,319.0,321.63,321.65,321.63,321.7,320.0,319.77,319.9,324.74,321.21,321.11
Small Town,Clare,Kilkee,TOTAL MARK,303.0,307.0,308.0,311.0,315.0,319.0,320.84,320.95,320.96,321.12,320.0,320.11,320.54,324.74,321.21,321.11
Village,Carlow,St Mullins,TOTAL MARK,294.0,300.0,304.0,307.0,312.0,319.0,318.27,318.35,318.38,318.46,319.0,319.54,319.5,322.23,319.7,318.79
Village,Cork,Ardfield,TOTAL MARK,279.0,288.0,294.0,299.0,307.0,319.0,314.08,314.07,314.07,314.06,316.0,317.75,317.55,315.19,314.96,315.29
Village,Longford,Drumlish,TOTAL MARK,287.0,293.0,299.0,304.0,311.0,319.0,317.97,317.96,317.95,317.94,319.0,318.33,318.8,321.61,319.15,319.67
Large Town,Wexford,Enniscorthy,TOTAL MARK,288.0,293.0,297.0,303.0,309.0,319.0,315.76,315.76,315.74,315.78,314.0,317.39,317.04,316.28,315.06,316.29
Village,Tipperary,Cloughjordan,TOTAL MARK,285.0,297.0,302.0,311.0,315.0,319.0,321.94,321.95,321.95,321.97,321.0,320.85,321.06,324.74,321.21,321.32
Village,Tipperary,Cappawhite,TOTAL MARK,281.0,288.0,292.0,300.0,307.0,319.0,314.11,314.06,314.02,314.04,316.0,317.72,317.08,315.19,314.96,315.29
Village,Tipperary,Kilbarron,TOTAL MARK,293.0,302.0,307.0,312.0,315.0,318.0,321.36,321.44,321.48,321.55,320.0,319.01,319.54,324.74,321.21,320.98
Village,Donegal,Castlefinn,TOTAL MARK,287.0,296.0,298.0,302.0,306.0,318.0,312.04,312.15,312.18,312.34,314.0,315.56,314.83,312.81,313.69,314.24
Small Town,Kilkenny,Castlecomer,TOTAL MARK,292.0,299.0,302.0,302.0,312.0,318.0,318.43,318.48,318.48,318.56,319.0,319.23,319.69,322.23,319.7,319.73
Large Urban Centre,Galway,Galway City Centre,TOTAL MARK,279.0,286.0,295.0,302.0,310.0,318.0,317.64,317.57,317.55,317.43,316.0,318.17,318.08,316.72,316.17,316.87
Village,Mayo,Cong,TOTAL MARK,278.0,289.0,293.0,302.0,311.0,318.0,318.47,318.37,318.32,318.3,319.0,318.7,318.88,321.61,319.15,319.85
Village,Carlow,Myshall,TOTAL MARK,290.0,293.0,295.0,299.0,305.0,317.0,311.31,311.36,311.34,311.46,311.0,314.2,314.36,312.78,312.17,312.29
Small Town,Cork,Dunmanway,TOTAL MARK,278.0,287.0,294.0,300.0,308.0,317.0,315.3,315.27,315.26,315.21,316.0,317.01,316.92,315.52,314.96,315.29
Village,Cork,Banteer,TOTAL MARK,291.0,294.0,300.0,305.0,311.0,317.0,317.86,317.86,317.84,317.84,319.0,317.16,317.73,321.61,318.97,318.0
Small Town,Carlow,Bagenalstown,TOTAL MARK,281.0,286.0,294.0,299.0,308.0,317.0,315.43,315.37,315.35,315.27,316.0,316.74,316.75,315.52,314.96,315.29
Large Town,Cork,Bandon,TOTAL MARK,286.0,295.0,302.0,308.0,314.0,317.0,321.06,321.06,321.07,321.03,321.0,321.58,321.67,324.74,321.21,321.89
Village,Wexford,Ballyduff,TOTAL MARK,277.0,280.0,291.0,301.0,306.0,316.0,313.84,313.75,313.72,313.56,316.0,315.04,314.97,312.81,313.69,313.66
Village,Carlow,Rathanna,TOTAL MARK,288.0,295.0,300.0,306.0,309.0,316.0,315.48,315.54,315.57,315.63,314.0,313.37,313.7,316.28,315.06,314.69
Village,Cork,Milford,TOTAL MARK,288.0,292.0,298.0,303.0,308.0,316.0,314.72,314.75,314.76,314.77,314.0,315.55,315.64,315.52,314.96,315.29
Large Urban Centre,Laois,Portlaoise,TOTAL MARK,295.0,300.0,301.0,304.0,309.0,316.0,314.96,315.05,315.06,315.22,314.0,314.16,313.71,316.28,314.88,313.97
Small Town,Wexford,Kilrane-Rosslare Harbour,TOTAL MARK,273.0,279.0,287.0,295.0,308.0,316.0,316.28,316.09,316.0,315.84,315.0,315.56,315.02,315.52,314.76,314.98
Village,Louth,Greenore,TOTAL MARK,285.0,290.0,298.0,303.0,310.0,316.0,317.18,317.16,317.16,317.1,316.0,315.82,316.18,316.72,316.17,317.4
Village,Tipperary,Ardfinnan,TOTAL MARK,282.0,288.0,292.0,300.0,308.0,316.0,315.24,315.17,315.11,315.11,316.0,316.47,316.12,315.52,314.96,315.29
Large Town,Limerick,Newcastle West,TOTAL MARK,291.0,294.0,301.0,305.0,310.0,316.0,316.72,316.75,316.77,316.76,314.0,314.65,314.76,316.72,315.99,314.8
Large Town,Wexford,Gorey,TOTAL MARK,285.0,288.0,291.0,299.0,306.0,316.0,313.02,312.96,312.9,312.93,316.0,315.49,315.02,312.81,313.69,313.96
Small Town,Louth,Dunleer,TOTAL MARK,276.0,281.0,289.0,298.0,307.0,315.0,314.91,314.77,314.71,314.58,315.0,315.13,315.26,315.19,314.99,315.18
Small Town,Clare,Newmarket-On-Fergus,TOTAL MARK,288.0,292.0,298.0,302.0,306.0,315.0,312.48,312.55,312.57,312.62,314.0,314.81,314.68,312.81,313.69,313.96
Village,Wexford,Foulksmills,TOTAL MARK,287.0,292.0,300.0,302.0,305.0,315.0,311.32,311.44,311.51,311.54,311.0,312.98,312.88,312.78,312.17,312.29
Village,Galway,Clarinbridge,TOTAL MARK,294.0,298.0,302.0,304.0,309.0,315.0,315.16,315.25,315.28,315.37,314.0,314.15,313.76,316.28,314.88,313.97
Small Town,Kerry,Castleisland,TOTAL MARK,274.0,281.0,289.0,298.0,309.0,315.0,317.15,316.98,316.91,316.76,315.0,315.37,315.28,316.28,314.77,315.14
Village,Cork,Ballinadee,TOTAL MARK,280.0,286.0,291.0,297.0,310.0,315.0,317.73,317.59,317.51,317.44,316.0,316.45,317.05,316.72,316.17,316.87
Village,Limerick,Broadford,TOTAL MARK,293.0,299.0,305.0,306.0,310.0,315.0,316.12,316.25,316.31,316.38,314.0,314.41,314.25,316.72,315.99,315.08
Village,Meath,Julianstown,TOTAL MARK,277.0,283.0,293.0,299.0,308.0,315.0,315.76,315.67,315.65,315.51,316.0,315.31,315.54,315.52,314.96,315.29
Village,Roscommon,Croghan,TOTAL MARK,273.0,286.0,295.0,304.0,311.0,315.0,318.73,318.66,318.66,318.55,319.0,316.94,318.25,321.61,318.86,317.95
Village,Westmeath,Glasson,TOTAL MARK,282.0,288.0,299.0,304.0,307.0,315.0,313.99,314.04,314.1,314.02,316.0,314.83,315.33,315.19,314.96,315.52
Village,Offaly,Ballycumber,TOTAL MARK,295.0,297.0,299.0,306.0,310.0,315.0,316.43,316.45,316.41,316.51,314.0,314.38,314.26,316.72,315.99,315.08
Village,Kerry,Glenbeigh,TOTAL MARK,265.0,280.0,292.0,300.0,307.0,315.0,314.92,314.86,314.9,314.73,315.0,314.69,315.04,315.19,314.67,314.4
Village,Cork,Courtmacsherry,TOTAL MARK,275.0,286.0,289.0,297.0,305.0,314.0,312.11,312.07,312.03,312.08,311.0,311.51,312.23,312.78,311.88,311.88
Small Town,Leitrim,Ballinamore,TOTAL MARK,291.0,296.0,300.0,608.0,309.0,314.0,313.37,313.88,313.85,314.71,314.0,313.89,314.23,316.28,314.88,314.51
Village,Clare,Doonbeg,TOTAL MARK,291.0,296.0,299.0,304.0,309.0,314.0,315.41,315.45,315.45,315.54,314.0,314.61,314.86,316.28,314.88,313.91
Small Town,Kerry,Killorglin,TOTAL MARK,269.0,283.0,293.0,302.0,310.0,314.0,317.96,317.87,317.87,317.72,315.0,315.33,315.74,316.72,315.88,315.7
Village,Donegal,Ballyliffin,TOTAL MARK,273.0,281.0,283.0,293.0,303.0,314.0,310.5,310.38,310.28,310.3,311.0,311.76,311.42,310.71,309.39,309.91
Small Town,Galway,Clifden,TOTAL MARK,270.0,278.0,293.0,297.0,308.0,314.0,316.29,316.18,316.2,315.93,315.0,314.09,314.12,315.52,314.67,314.71
Village,Kerry,Beaufort,TOTAL MARK,281.0,291.0,297.0,300.0,308.0,314.0,314.84,314.87,314.89,314.9,314.0,315.32,315.41,315.52,314.96,315.29
Village,Monaghan,Inniskeen,TOTAL MARK,285.0,294.0,298.0,301.0,307.0,313.0,313.38,313.46,313.49,313.58,314.0,313.28,314.1,315.19,314.96,314.97
Village,Roscommon,Ballyfarnon,TOTAL MARK,289.0,296.0,301.0,306.0,309.0,313.0,315.36,315.44,315.48,315.55,314.0,313.45,313.48,316.28,315.06,314.47
Village,Tipperary,Cloneen,TOTAL MARK,285.0,289.0,294.0,303.0,311.0,313.0,318.47,318.37,318.29,318.25,319.0,318.72,318.87,321.61,319.15,319.85
Small Town,Clare,Clarecastle,TOTAL MARK,268.0,282.0,287.0,293.0,300.0,313.0,306.94,306.96,306.98,307.03,306.0,306.91,307.26,306.72,306.78,306.29
Village,Leitrim,Drumsna,TOTAL MARK,293.0,298.0,302.0,306.0,310.0,313.0,316.27,316.35,316.37,316.45,314.0,313.55,313.65,316.72,315.99,315.08
Village,Westmeath,Streamstown,TOTAL MARK,266.0,271.0,284.0,290.0,302.0,313.0,310.44,310.29,310.25,310.0,311.0,311.95,311.52,310.41,309.94,310.02
Village,Longford,Clondra,TOTAL MARK,282.0,295.0,298.0,302.0,309.0,313.0,315.51,315.56,315.59,315.68,314.0,314.65,315.05,316.28,315.06,315.76
Village,Kildare,Calverstown,TOTAL MARK,287.0,294.0,298.0,300.0,309.0,313.0,315.65,315.67,315.67,315.72,314.0,314.83,315.46,316.28,315.06,315.76
Village,Mayo,Belcarra,TOTAL MARK,281.0,288.0,293.0,301.0,306.0,313.0,312.96,312.95,312.94,312.96,316.0,314.32,314.56,312.81,313.69,313.96
Small Town,Kildare,Kilcullen,TOTAL MARK,284.0,288.0,292.0,296.0,305.0,313.0,311.89,311.87,311.84,311.87,311.0,312.04,312.36,312.78,312.17,312.29
Small Town,Leitrim,Dromahair,TOTAL MARK,286.0,293.0,298.0,304.0,308.0,313.0,314.6,314.65,314.66,314.71,314.0,314.01,314.21,315.52,314.96,315.16
Small Town,Kerry,Ballybunion,TOTAL MARK,284.0,294.0,298.0,302.0,307.0,312.0,313.37,313.45,313.49,313.58,314.0,313.7,314.41,315.19,314.96,314.97
Small Town,Donegal,Dungloe,TOTAL MARK,276.0,283.0,287.0,293.0,299.0,312.0,305.74,305.76,305.75,305.82,307.0,308.82,307.59,305.34,307.14,307.79
Large Urban Centre,Limerick,Limerick City Centre,TOTAL MARK,270.0,274.0,286.0,294.0,306.0,312.0,314.59,314.39,314.32,314.06,315.0,313.95,313.83,312.81,313.8,314.21
Village,Kerry,Currow,TOTAL MARK,279.0,293.0,296.0,299.0,303.0,312.0,309.0,309.15,309.22,309.38,308.0,310.32,310.14,310.71,309.59,309.7
Village,Roscommon,Ballyleague,TOTAL MARK,254.0,279.0,296.0,301.0,307.0,312.0,314.92,314.96,315.11,314.88,315.0,313.07,313.8,315.19,314.67,313.86
Small Town,Donegal,Donegal,TOTAL MARK,283.0,293.0,293.0,296.0,300.0,312.0,305.7,305.85,305.89,306.12,306.0,310.49,309.33,306.72,306.98,307.09
Village,Limerick,Glin,TOTAL MARK,286.0,291.0,298.0,302.0,306.0,312.0,312.58,312.65,312.68,312.7,314.0,312.98,313.3,312.81,313.69,313.96
Village,Leitrim,Drumkeeran,TOTAL MARK,279.0,287.0,293.0,297.0,304.0,312.0,310.84,310.86,310.88,310.9,308.0,310.94,309.94,310.71,310.05,310.16
Village,Wicklow,Kiltegan,TOTAL MARK,270.0,273.0,287.0,294.0,301.0,312.0,309.05,308.96,308.96,308.74,311.0,310.9,310.18,307.88,308.8,309.06
Village,Wicklow,Newcastle,TOTAL MARK,272.0,275.0,287.0,295.0,302.0,312.0,309.96,309.86,309.84,309.66,311.0,311.18,310.74,310.41,309.7,310.19
Large Town,Clare,Shannon,TOTAL MARK,288.0,291.0,296.0,300.0,303.0,311.0,309.25,309.34,309.37,309.45,308.0,309.98,309.98,310.71,309.59,309.7
Village,Galway,An Spidéal,TOTAL MARK,284.0,288.0,290.0,300.0,305.0,311.0,311.89,311.85,311.79,311.86,311.0,311.08,312.3,312.78,312.17,312.29
Small Town,Clare,Sixmilebridge,TOTAL MARK,291.0,295.0,301.0,306.0,310.0,311.0,316.6,316.65,316.66,316.68,314.0,312.4,313.29,316.72,315.99,314.8
Village,Longford,Ardagh,TOTAL MARK,296.0,297.0,300.0,301.0,308.0,311.0,314.2,314.26,314.26,314.36,314.0,312.42,312.6,315.52,314.78,313.49
Village,Waterford,Villierstown,TOTAL MARK,281.0,286.0,291.0,296.0,299.0,311.0,305.36,305.44,305.47,305.56,307.0,308.92,307.65,305.34,305.82,305.93
Village,Galway,Williamstown,TOTAL MARK,290.0,293.0,300.0,300.0,305.0,311.0,311.24,311.35,311.41,311.45,311.0,311.98,312.3,312.78,312.17,312.29
Village,Sligo,Coney Island,TOTAL MARK,282.0,285.0,289.0,295.0,305.0,311.0,312.26,312.18,312.11,312.1,311.0,310.74,311.61,312.78,311.92,312.04
Village,Mayo,Ballycastle,TOTAL MARK,271.0,277.0,283.0,292.0,302.0,310.0,309.81,309.68,309.6,309.53,311.0,310.35,310.6,310.41,309.7,310.08
Small Town,Donegal,Killybegs,TOTAL MARK,252.0,265.0,278.0,287.0,296.0,310.0,304.39,304.28,304.28,304.07,307.0,308.23,307.27,304.55,306.45,307.39
Small Town,Wicklow,Ashford,TOTAL MARK,263.0,268.0,275.0,285.0,297.0,310.0,305.28,305.09,304.98,304.86,307.0,308.61,307.3,305.32,305.43,306.2
Village,Tipperary,Marlfield,TOTAL MARK,274.0,278.0,285.0,294.0,302.0,310.0,309.67,309.57,309.51,309.43,311.0,310.22,310.02,310.41,309.39,309.39
Village,Louth,Castlebellingham,TOTAL MARK,275.0,279.0,289.0,295.0,305.0,310.0,312.89,312.78,312.74,312.58,311.0,309.51,311.12,312.78,311.88,311.88
Village,Tipperary,Lattin,TOTAL MARK,271.0,274.0,282.0,290.0,297.0,309.0,304.53,304.46,304.42,304.35,307.0,307.79,307.16,305.32,305.37,305.75
Small Town,Sligo,Enniscrone,TOTAL MARK,259.0,277.0,283.0,291.0,303.0,309.0,310.9,310.79,310.76,310.7,311.0,309.9,310.22,310.71,309.7,309.61
Village,Cork,Baltimore,TOTAL MARK,274.0,281.0,288.0,293.0,300.0,309.0,307.06,307.06,307.07,307.06,306.0,308.01,307.38,306.72,306.69,306.68
Village,Carlow,Rathvilly,TOTAL MARK,290.0,292.0,294.0,297.0,302.0,309.0,308.07,308.15,308.15,308.3,308.0,310.52,310.42,310.41,309.59,309.7
Village,Tipperary,Grange,TOTAL MARK,275.0,277.0,283.0,290.0,297.0,309.0,304.21,304.16,304.12,304.11,307.0,307.64,307.32,305.32,305.37,306.16
Village,Tipperary,Upperchurch,TOTAL MARK,274.0,286.0,294.0,301.0,305.0,309.0,312.01,312.05,312.09,312.07,311.0,314.41,314.14,312.78,311.88,311.33
Village,Roscommon,Lisacul,TOTAL MARK,267.0,279.0,293.0,300.0,305.0,309.0,312.77,312.75,312.82,312.63,311.0,310.11,311.33,312.78,311.88,311.39
Village,Wexford,Kilanerin,TOTAL MARK,276.0,281.0,286.0,293.0,300.0,309.0,307.1,307.06,307.03,307.04,306.0,308.69,308.14,306.72,307.11,307.07
Small Town,Limerick,Askeaton,TOTAL MARK,286.0,288.0,294.0,298.0,303.0,309.0,309.61,309.65,309.66,309.69,308.0,308.77,308.98,310.71,309.59,309.7
Village,Kilkenny,Gathabawn,TOTAL MARK,270.0,278.0,285.0,289.0,301.0,309.0,308.56,308.49,308.46,308.39,311.0,308.94,309.08,307.88,308.5,308.32
Small Town,Louth,Tullyallen,TOTAL MARK,270.0,275.0,283.0,289.0,301.0,309.0,308.92,308.79,308.73,308.61,311.0,309.57,309.77,307.88,308.62,308.86
Small Town,Westmeath,Castlepollard,TOTAL MARK,272.0,279.0,292.0,297.0,302.0,309.0,309.44,309.45,309.51,309.36,308.0,308.97,308.95,310.41,309.3,309.11
Village,Louth,Stabannon,TOTAL MARK,275.0,280.0,288.0,295.0,305.0,308.0,312.79,312.68,312.63,312.51,311.0,309.26,311.0,312.78,311.88,311.88
Village,Mayo,Bonniconlon,TOTAL MARK,282.0,288.0,290.0,298.0,303.0,308.0,309.65,309.65,309.62,309.72,308.0,308.82,308.76,310.71,309.59,309.7
Village,Laois,Cullohill,TOTAL MARK,250.0,260.0,270.0,287.0,298.0,308.0,307.29,306.99,306.85,306.6,307.0,307.27,307.13,305.32,305.98,306.18
Village,Tipperary,Ballingarry (North),TOTAL MARK,280.0,289.0,293.0,300.0,303.0,308.0,309.48,309.54,309.56,309.66,308.0,308.47,308.88,310.71,309.59,309.7
Village,Kildare,Kilmead,TOTAL MARK,286.0,293.0,302.0,303.0,305.0,308.0,311.17,311.34,311.44,311.48,311.0,310.08,310.88,312.78,312.17,311.26
Village,Cork,Sallybrook,TOTAL MARK,284.0,290.0,294.0,301.0,304.0,308.0,310.49,310.54,310.55,310.63,308.0,309.29,309.65,310.71,310.05,310.16
Village,Donegal,Doochary,TOTAL MARK,294.0,296.0,296.0,302.0,306.0,308.0,312.09,312.15,312.11,312.28,314.0,311.43,312.48,312.81,313.51,311.67
Village,Mayo,Kilkeeran,TOTAL MARK,278.0,284.0,289.0,297.0,301.0,308.0,307.84,307.85,307.84,307.88,308.0,308.03,308.02,307.88,308.7,308.81
Small Town,Mayo,Crossmolina,TOTAL MARK,274.0,280.0,286.0,295.0,300.0,308.0,307.18,307.15,307.13,307.12,306.0,307.83,307.56,306.72,306.78,306.78
Village,Tipperary,Bansha,TOTAL MARK,256.0,264.0,276.0,283.0,292.0,308.0,300.06,299.98,299.97,299.8,299.0,303.62,302.8,301.06,299.98,301.23
Village,Laois,Killenard,TOTAL MARK,267.0,274.0,280.0,293.0,301.0,308.0,309.03,308.87,308.78,308.69,311.0,309.36,309.26,307.88,308.8,308.77
Village,Tipperary,Drangan,TOTAL MARK,276.0,282.0,288.0,296.0,303.0,308.0,310.32,310.26,310.23,310.2,308.0,308.65,308.52,310.71,309.62,309.58
Village,Clare,Kildysart,TOTAL MARK,282.0,288.0,290.0,295.0,299.0,308.0,305.16,305.25,305.26,305.41,307.0,307.13,306.91,305.34,305.57,305.68
Large Town,Galway,Ballinasloe,TOTAL MARK,285.0,290.0,296.0,299.0,303.0,308.0,309.35,309.45,309.49,309.55,308.0,308.33,308.82,310.71,309.59,309.7
Village,Westmeath,Multyfarnham,TOTAL MARK,274.0,280.0,285.0,290.0,297.0,308.0,303.85,303.86,303.86,303.9,303.0,306.31,305.94,305.32,305.07,304.75
Small Town,Limerick,Croom,TOTAL MARK,280.0,286.0,294.0,298.0,303.0,308.0,309.8,309.85,309.89,309.88,308.0,308.49,308.5,310.71,309.59,309.7
Village,Cavan,Lough Gowna,TOTAL MARK,275.0,283.0,291.0,298.0,302.0,308.0,309.02,309.05,309.07,309.05,308.0,308.36,308.26,310.41,309.3,309.29
Village,Kerry,Waterville,TOTAL MARK,264.0,280.0,288.0,295.0,302.0,307.0,309.37,309.36,309.4,309.36,308.0,307.98,308.27,310.41,309.3,308.65
Small Town,Wexford,Ferns,TOTAL MARK,270.0,274.0,280.0,289.0,296.0,307.0,303.44,303.36,303.31,303.28,307.0,305.93,305.7,304.55,304.65,304.78
Village,Wicklow,Knockananna,TOTAL MARK,266.0,270.0,275.0,283.0,296.0,307.0,303.97,303.8,303.68,303.62,307.0,306.93,305.91,304.55,304.65,304.58
Small Town,Laois,Stradbally,TOTAL MARK,287.0,293.0,296.0,299.0,303.0,307.0,309.03,309.15,309.18,309.32,308.0,308.62,309.25,310.71,309.59,309.7
Village,Offaly,Crinkill,TOTAL MARK,269.0,284.0,288.0,292.0,299.0,307.0,305.59,305.66,305.71,305.8,307.0,306.4,306.46,305.34,305.53,305.49
Village,Louth,Grange,TOTAL MARK,261.0,275.0,283.0,290.0,299.0,307.0,306.62,306.57,306.58,306.51,307.0,306.57,306.38,305.34,305.93,305.85
Large Town,Dublin,Terenure,TOTAL MARK,279.0,284.0,286.0,292.0,297.0,307.0,303.41,303.45,303.44,303.57,307.0,306.23,306.02,305.32,305.1,305.09
Village,Galway,Caltra,TOTAL MARK,277.0,282.0,288.0,294.0,301.0,307.0,308.08,308.06,308.04,308.04,308.0,307.44,307.59,307.88,308.44,308.26
Village,Waterford,Clashmore,TOTAL MARK,265.0,275.0,283.0,289.0,298.0,307.0,305.52,305.47,305.47,305.41,307.0,305.05,305.69,305.32,305.19,305.11
Village,Longford,Newtownforbes,TOTAL MARK,258.0,266.0,278.0,287.0,300.0,307.0,308.81,308.6,308.53,308.27,306.0,307.24,307.67,306.74,307.15,307.61
Village,Limerick,Mountcollins,TOTAL MARK,278.0,285.0,290.0,293.0,300.0,306.0,306.61,306.66,306.68,306.74,306.0,306.05,306.37,306.72,306.72,306.84
Large Town,Tipperary,Thurles,TOTAL MARK,273.0,280.0,285.0,293.0,298.0,306.0,304.95,304.95,304.94,304.98,303.0,303.79,304.63,305.32,305.07,304.75
Village,Laois,Clough,TOTAL MARK,265.0,273.0,277.0,287.0,296.0,306.0,303.58,303.47,303.4,303.4,307.0,305.52,305.52,304.55,304.65,304.27
Village,Sligo,Mullaghmore,TOTAL MARK,273.0,276.0,279.0,288.0,300.0,306.0,307.76,307.59,307.46,307.44,306.0,306.37,306.65,306.72,306.9,306.9
Village,Tipperary,Kilcash,TOTAL MARK,276.0,277.0,281.0,288.0,294.0,306.0,300.88,300.86,300.81,300.87,301.0,304.11,302.77,301.42,301.44,302.38
Small Town,Monaghan,Castleblayney,TOTAL MARK,275.0,285.0,289.0,294.0,300.0,306.0,306.61,306.66,306.68,306.76,306.0,306.02,306.3,306.72,306.69,306.68
Village,Limerick,Bruff,TOTAL MARK,280.0,284.0,292.0,295.0,300.0,306.0,306.69,306.75,306.79,306.79,306.0,305.93,306.12,306.72,306.72,306.84
Village,Wicklow,Avoca,TOTAL MARK,286.0,291.0,295.0,297.0,300.0,305.0,305.9,306.04,306.1,306.24,306.0,307.95,308.04,306.72,306.98,307.09
Village,Mayo,Kilmaine,TOTAL MARK,254.0,262.0,273.0,287.0,296.0,305.0,304.79,304.58,304.49,304.27,307.0,306.0,305.88,304.55,304.69,304.88
Small Town,Offaly,Daingean,TOTAL MARK,282.0,286.0,291.0,295.0,299.0,305.0,305.37,305.45,305.47,305.55,307.0,305.79,306.14,305.34,305.57,305.68
Village,Cork,Ladysbridge,TOTAL MARK,268.0,275.0,283.0,292.0,300.0,305.0,307.76,307.67,307.63,307.54,306.0,307.32,307.18,306.72,307.08,307.16
Village,Galway,Ballygar,TOTAL MARK,238.0,246.0,271.0,287.0,296.0,305.0,306.5,306.18,306.14,305.54,307.0,305.64,305.94,304.55,305.54,305.87
Village,Limerick,Doon,TOTAL MARK,276.0,282.0,289.0,295.0,300.0,305.0,306.93,306.95,306.96,306.97,306.0,305.7,305.88,306.72,307.01,306.97
Village,Tipperary,Newcastle,TOTAL MARK,287.0,287.0,291.0,295.0,300.0,305.0,306.4,306.45,306.44,306.52,306.0,305.52,306.39,306.72,306.72,306.84
Village,Cork,Kilcrohane,TOTAL MARK,283.0,286.0,287.0,290.0,296.0,305.0,302.08,302.16,302.15,302.32,307.0,305.22,305.48,304.55,304.4,304.38
Small Town,Tipperary,Tipperary,TOTAL MARK,268.0,274.0,282.0,292.0,299.0,305.0,306.76,306.66,306.62,306.53,307.0,306.16,306.15,305.34,305.93,306.0
Village,Clare,Corofin,TOTAL MARK,269.0,277.0,283.0,291.0,295.0,305.0,301.93,301.95,301.96,301.99,301.0,302.48,302.74,301.59,301.42,301.8
Village,Monaghan,Ballinode,TOTAL MARK,279.0,292.0,295.0,297.0,300.0,304.0,305.76,305.94,306.03,306.22,306.0,306.34,307.15,306.72,306.98,307.09
Village,Limerick,Anglesborough,TOTAL MARK,278.0,282.0,292.0,295.0,299.0,304.0,305.77,305.85,305.91,305.87,303.0,304.09,304.22,305.34,305.57,305.38
Village,Kerry,Ballylongford,TOTAL MARK,234.0,253.0,261.0,281.0,295.0,304.0,304.77,304.4,304.24,304.0,301.0,301.27,302.76,301.73,302.34,302.57
Village,Leitrim,Fenagh,TOTAL MARK,271.0,277.0,284.0,289.0,297.0,304.0,304.19,304.17,304.16,304.14,303.0,304.46,305.1,305.32,305.19,305.42
Village,Roscommon,Roosky,TOTAL MARK,274.0,281.0,290.0,294.0,299.0,304.0,305.9,305.95,306.0,305.98,303.0,304.33,304.48,305.34,305.53,305.34
Small Town,Offaly,Ferbane,TOTAL MARK,272.0,280.0,287.0,292.0,298.0,304.0,304.93,304.96,304.98,304.99,303.0,304.03,304.11,305.32,305.07,304.7
Village,Tipperary,Clonmore,TOTAL MARK,270.0,278.0,284.0,295.0,299.0,304.0,306.29,306.25,306.22,306.22,303.0,304.52,305.14,305.34,305.63,305.39
Village,Westmeath,Rosemount,TOTAL MARK,262.0,272.0,284.0,291.0,295.0,304.0,302.43,302.45,302.51,302.4,301.0,300.38,301.08,302.04,301.42,301.34
Village,Wexford,Ballymurn,TOTAL MARK,274.0,280.0,288.0,293.0,297.0,304.0,303.79,303.85,303.89,303.89,303.0,304.03,303.91,305.32,304.97,304.65
Village,Westmeath,Collinstown,TOTAL MARK,270.0,275.0,284.0,289.0,295.0,304.0,302.15,302.16,302.18,302.13,301.0,302.37,302.38,301.59,301.24,301.47
Village,Westmeath,Raharney/Ráth Áirne,TOTAL MARK,265.0,276.0,288.0,294.0,297.0,304.0,304.18,304.24,304.33,304.24,303.0,303.82,303.86,305.32,305.27,305.21
Village,Dublin,Sandymount,TOTAL MARK,269.0,274.0,279.0,289.0,297.0,303.0,304.57,304.47,304.39,304.37,307.0,304.82,305.27,305.32,305.19,305.32
Village,Monaghan,Ardaghey,TOTAL MARK,274.0,285.0,290.0,295.0,299.0,303.0,305.46,305.55,305.6,305.69,307.0,304.18,304.79,305.34,305.53,305.34
Village,Cork,Berrings,TOTAL MARK,271.0,275.0,280.0,288.0,299.0,303.0,306.72,306.59,306.49,306.44,307.0,304.16,305.27,305.34,305.75,305.67
Small Town,Offaly,Banagher,TOTAL MARK,280.0,282.0,287.0,291.0,297.0,303.0,303.62,303.66,303.65,303.71,303.0,303.85,303.82,305.32,305.1,304.78
Village,Roscommon,Lecarrow,TOTAL MARK,271.0,279.0,290.0,293.0,297.0,303.0,303.86,303.95,304.03,303.99,303.0,303.26,303.15,305.32,304.97,304.6
Village,Westmeath,Ballynacargy,TOTAL MARK,272.0,276.0,287.0,292.0,296.0,303.0,303.11,303.15,303.19,303.12,303.0,302.88,303.46,304.55,304.83,305.09
Village,Tipperary,Puckane,TOTAL MARK,274.0,282.0,287.0,294.0,298.0,303.0,304.71,304.75,304.76,304.82,303.0,304.16,304.18,305.32,305.07,304.75
Village,Limerick,Knockainey,TOTAL MARK,277.0,281.0,289.0,292.0,297.0,303.0,303.69,303.75,303.79,303.8,303.0,302.94,303.38,305.32,305.01,304.69
Village,Donegal,Kilcar,TOTAL MARK,271.0,275.0,279.0,285.0,291.0,303.0,297.74,297.76,297.74,297.82,295.0,296.3,296.0,296.33,296.32,296.26
Village,Longford,Legan,TOTAL MARK,259.0,265.0,271.0,280.0,292.0,302.0,300.05,299.89,299.8,299.72,299.0,300.83,300.17,301.0,299.36,300.03
Village,Galway,Dunmore,TOTAL MARK,269.0,274.0,281.0,287.0,296.0,302.0,303.43,303.37,303.34,303.3,307.0,305.81,305.59,304.55,304.65,304.58
Village,Limerick,Ballyneety,TOTAL MARK,267.0,272.0,279.0,282.0,295.0,302.0,302.58,302.5,302.45,302.39,301.0,298.93,300.21,301.9,301.24,301.16
Village,Waterford,Cappoquin,TOTAL MARK,271.0,277.0,282.0,287.0,293.0,302.0,299.72,299.76,299.76,299.83,299.0,300.95,300.73,301.0,299.73,299.76
Small Town,Kerry,Dingle,TOTAL MARK,275.0,279.0,285.0,290.0,298.0,302.0,305.09,305.07,305.05,305.04,303.0,303.94,304.56,305.32,305.07,304.75
Village,Monaghan,Drum,TOTAL MARK,267.0,282.0,290.0,296.0,299.0,301.0,305.75,305.84,305.92,305.95,303.0,302.95,303.38,305.34,305.53,304.85
Large Urban Centre,Westmeath,Mullingar,TOTAL MARK,263.0,267.0,277.0,282.0,290.0,301.0,297.5,297.47,297.47,297.38,296.0,296.6,296.73,296.55,296.45,296.89
Village,Limerick,Croagh,TOTAL MARK,276.0,279.0,285.0,290.0,295.0,301.0,301.72,301.75,301.76,301.8,301.0,301.14,301.67,301.59,301.27,301.09
Village,Tipperary,Carrig,TOTAL MARK,266.0,281.0,285.0,291.0,296.0,301.0,302.58,302.65,302.7,302.81,303.0,301.73,303.14,304.55,304.09,303.22
Village,Sligo,Drumcliffe Rathcormac,TOTAL MARK,253.0,265.0,274.0,283.0,295.0,301.0,303.35,303.19,303.14,302.99,301.0,301.89,302.17,302.04,301.27,301.54
Village,Mayo,Clare Island,TOTAL MARK,278.0,278.0,282.0,289.0,294.0,301.0,300.75,300.75,300.71,300.78,301.0,302.02,301.82,301.42,300.98,300.97
Village,Cork,Schull,TOTAL MARK,266.0,272.0,276.0,285.0,293.0,301.0,300.34,300.27,300.21,300.23,299.0,300.22,300.15,301.42,299.73,299.65
Village,Donegal,Culdaff,TOTAL MARK,269.0,274.0,277.0,283.0,289.0,301.0,295.63,295.66,295.64,295.75,296.0,298.39,297.69,296.55,296.45,296.36
Village,Mayo,Newport,TOTAL MARK,270.0,275.0,281.0,287.0,293.0,301.0,299.95,299.96,299.95,299.98,299.0,299.83,300.24,301.0,299.73,299.65
Village,Leitrim,Jamestown,TOTAL MARK,277.0,282.0,288.0,292.0,297.0,301.0,303.59,303.65,303.68,303.73,303.0,302.17,303.0,305.32,305.01,304.69
Small Town,Carlow,Borris,TOTAL MARK,281.0,283.0,283.0,292.0,297.0,300.0,303.57,303.55,303.48,303.63,307.0,307.05,306.72,305.32,305.1,305.74
Village,Limerick,Kilfinane,TOTAL MARK,263.0,267.0,275.0,287.0,295.0,300.0,303.13,302.97,302.88,302.76,301.0,300.24,300.6,302.04,301.24,301.69
Village,Kilkenny,Goresbridge,TOTAL MARK,232.0,250.0,264.0,274.0,289.0,300.0,298.34,298.11,298.07,297.77,297.0,298.38,297.5,295.96,297.37,297.68
Village,Cork,Kealkill,TOTAL MARK,257.0,267.0,275.0,283.0,290.0,300.0,297.5,297.47,297.46,297.42,297.0,298.75,298.07,296.55,296.45,297.38
Village,Tipperary,Ballyneale,TOTAL MARK,265.0,269.0,275.0,282.0,289.0,300.0,296.19,296.17,296.13,296.14,296.0,298.17,297.79,296.55,296.45,296.89
Small Town,Cork,Mitchelstown,TOTAL MARK,270.0,277.0,282.0,288.0,295.0,300.0,301.96,301.96,301.95,301.99,301.0,302.42,302.1,301.59,301.24,301.27
Small Town,Tipperary,Templemore,TOTAL MARK,273.0,280.0,286.0,293.0,296.0,300.0,302.69,302.74,302.77,302.82,303.0,301.9,303.02,304.55,304.09,303.57
Village,Monaghan,Tydavnet,TOTAL MARK,270.0,282.0,287.0,292.0,295.0,300.0,301.32,301.44,301.51,301.62,301.0,300.65,301.09,301.59,300.67,300.11
Large Town,Cork,Mallow,TOTAL MARK,266.0,270.0,275.0,283.0,293.0,299.0,300.59,300.48,300.4,300.38,299.0,299.54,299.88,301.42,299.73,299.65
Village,Cork,Glandore,TOTAL MARK,278.0,281.0,283.0,288.0,293.0,299.0,299.29,299.35,299.34,299.49,299.0,299.75,299.69,301.0,299.47,299.26
Village,Louth,Kilcurry,TOTAL MARK,252.0,261.0,270.0,279.0,292.0,299.0,300.48,300.3,300.22,300.06,299.0,300.03,300.46,301.0,300.36,300.46
Village,Sligo,Carney,TOTAL MARK,259.0,266.0,273.0,280.0,290.0,299.0,297.66,297.58,297.54,297.49,296.0,297.77,297.46,296.33,296.45,296.8
Small Town,Cork,Carrigtwohill,TOTAL MARK,252.0,261.0,269.0,281.0,290.0,299.0,298.23,298.08,298.01,297.9,297.0,296.74,296.09,296.12,297.6,297.78
Village,Kerry,Moyvane,TOTAL MARK,270.0,276.0,281.0,287.0,293.0,299.0,299.84,299.86,299.85,299.91,299.0,299.83,300.26,301.0,299.73,299.65
Small Town,Kerry,Cahersiveen,TOTAL MARK,258.0,270.0,277.0,288.0,295.0,298.0,302.75,302.66,302.63,302.58,301.0,298.49,299.95,302.04,301.24,300.29
Village,Donegal,Maghery,TOTAL MARK,255.0,261.0,269.0,275.0,286.0,298.0,293.78,293.69,293.65,293.57,297.0,296.69,295.68,293.1,294.46,294.64
Large Town,Dublin,Clondalkin,TOTAL MARK,233.0,260.0,271.0,281.0,287.0,298.0,294.86,294.86,294.95,294.87,297.0,297.48,297.04,294.88,296.18,296.51
Village,Westmeath,Ballinagore,TOTAL MARK,273.0,275.0,284.0,288.0,291.0,298.0,297.66,297.74,297.79,297.79,295.0,296.72,296.26,296.33,296.32,296.26
Village,Cork,Belgooly,TOTAL MARK,263.0,274.0,281.0,286.0,294.0,298.0,301.16,301.17,301.19,301.18,301.0,300.02,300.23,301.95,301.24,300.7
Small Town,Monaghan,Clones,TOTAL MARK,264.0,278.0,285.0,289.0,293.0,298.0,299.53,299.65,299.73,299.8,299.0,298.56,299.17,301.42,299.16,298.13
Small Town,Wicklow,Delgany,TOTAL MARK,268.0,270.0,273.0,275.0,287.0,298.0,293.92,293.89,293.84,293.91,296.0,296.45,295.99,294.21,295.13,295.13
Village,Dublin,Donnybrook,TOTAL MARK,243.0,253.0,263.0,276.0,287.0,298.0,295.8,295.59,295.5,295.31,297.0,297.44,296.43,293.1,295.69,295.85
Small Town,Galway,Oughterard,TOTAL MARK,265.0,270.0,280.0,284.0,290.0,297.0,297.13,297.16,297.2,297.14,295.0,295.9,296.04,296.55,296.32,295.95
Village,Kilkenny,Clogh,TOTAL MARK,254.0,269.0,276.0,281.0,290.0,297.0,297.27,297.28,297.3,297.31,297.0,296.63,296.95,296.33,296.45,297.38
Village,Offaly,Kinnitty,TOTAL MARK,263.0,267.0,271.0,277.0,287.0,297.0,294.24,294.18,294.12,294.16,296.0,296.53,296.18,294.21,295.13,295.48
Large Urban Centre,Dublin,Ballymun,TOTAL MARK,265.0,272.0,281.0,286.0,292.0,297.0,299.14,299.16,299.19,299.15,299.0,297.32,297.34,301.0,298.94,298.26
Small Town,Westmeath,Kilbeggan,TOTAL MARK,252.0,257.0,271.0,275.0,280.0,297.0,287.41,287.46,287.52,287.41,287.0,292.77,291.97,290.32,289.44,289.48
Small Town,Westmeath,Moate,TOTAL MARK,251.0,258.0,274.0,282.0,286.0,297.0,293.97,293.95,294.0,293.8,297.0,296.3,295.71,294.21,295.3,295.49
Large Town,Meath,Kells,TOTAL MARK,255.0,260.0,271.0,280.0,288.0,297.0,296.08,295.97,295.94,295.79,297.0,297.1,296.64,294.21,295.13,295.31
Village,Roscommon,Curraghboy,TOTAL MARK,259.0,271.0,283.0,288.0,292.0,297.0,299.18,299.25,299.34,299.27,299.0,297.34,297.96,301.06,298.94,298.21
Village,Cork,Grenagh,TOTAL MARK,276.0,280.0,283.0,286.0,290.0,297.0,296.03,296.15,296.18,296.34,295.0,296.14,295.79,296.33,296.35,296.3
Village,Tipperary,Two-Mile-Borris,TOTAL MARK,254.0,265.0,272.0,283.0,289.0,297.0,296.62,296.56,296.54,296.51,297.0,297.08,297.46,296.55,296.45,296.8
Village,Wexford,Askamore,TOTAL MARK,273.0,278.0,283.0,287.0,292.0,297.0,298.48,298.55,298.58,298.66,299.0,297.17,297.5,300.53,298.37,297.67
Small Town,Kilkenny,Moneenroe,TOTAL MARK,267.0,271.0,276.0,280.0,291.0,297.0,298.24,298.19,298.14,298.15,296.0,296.37,296.23,296.33,296.45,296.05
Village,Limerick,Kilmeedy,TOTAL MARK,264.0,268.0,279.0,285.0,290.0,296.0,297.35,297.35,297.38,297.29,295.0,295.93,295.76,296.55,296.32,296.58
Large Town,Tipperary,Carrick-On-Suir,TOTAL MARK,268.0,273.0,278.0,288.0,295.0,296.0,302.45,302.36,302.3,302.29,301.0,298.17,299.21,301.9,301.24,300.85
Small Town,Galway,Claregalway,TOTAL MARK,253.0,260.0,279.0,282.0,290.0,296.0,298.2,298.17,298.25,297.96,295.0,296.42,296.2,296.55,296.32,297.06
Small Town,Limerick,Murroe,TOTAL MARK,274.0,278.0,284.0,286.0,290.0,296.0,296.23,296.35,296.4,296.5,295.0,295.52,295.37,296.33,295.76,295.18
Small Town,Kilkenny,Ballyragget,TOTAL MARK,252.0,267.0,270.0,272.0,283.0,296.0,289.74,289.79,289.81,289.93,292.0,293.85,292.69,291.72,291.87,292.08
Village,Limerick,Knocklong,TOTAL MARK,276.0,280.0,285.0,289.0,292.0,296.0,298.23,298.34,298.38,298.49,299.0,297.11,297.6,300.53,298.97,298.51
Village,Clare,Bridgetown,TOTAL MARK,268.0,273.0,280.0,286.0,289.0,296.0,295.67,295.74,295.78,295.82,295.0,295.43,295.36,296.55,296.32,295.7
Village,Kilkenny,Dungarvan,TOTAL MARK,266.0,267.0,274.0,279.0,291.0,296.0,298.7,298.59,298.52,298.45,296.0,295.63,295.88,296.33,296.29,296.64
Large Urban Centre,Dublin,Balbriggan,TOTAL MARK,262.0,267.0,273.0,285.0,291.0,296.0,298.66,298.56,298.49,298.46,296.0,296.22,296.38,296.55,296.45,296.8
Village,Clare,Cooraclare,TOTAL MARK,260.0,265.0,270.0,277.0,281.0,295.0,287.7,287.75,287.75,287.85,287.0,291.97,291.16,291.08,289.13,289.34
Large Town,Offaly,Edenderry,TOTAL MARK,263.0,272.0,278.0,282.0,287.0,295.0,293.57,293.65,293.7,293.78,295.0,294.09,294.18,295.86,295.13,294.58
Village,Carlow,Fenagh,TOTAL MARK,254.0,262.0,274.0,281.0,289.0,295.0,296.93,296.87,296.88,296.73,297.0,295.71,296.54,296.33,296.45,296.63
Village,Limerick,Kildimo,TOTAL MARK,262.0,266.0,271.0,274.0,286.0,295.0,293.24,293.19,293.15,293.16,296.0,295.27,294.83,293.52,294.46,294.81
Village,Louth,Annagassan,TOTAL MARK,263.0,269.0,275.0,282.0,290.0,295.0,297.31,297.27,297.24,297.24,296.0,296.21,296.68,296.55,296.45,296.89
Village,Laois,Borris-In-Ossory,TOTAL MARK,279.0,281.0,285.0,286.0,290.0,295.0,295.91,296.05,296.09,296.25,295.0,295.24,295.27,296.33,296.07,295.68
Small Town,Wexford,Bunclody,TOTAL MARK,263.0,267.0,280.0,284.0,290.0,295.0,297.45,297.46,297.5,297.38,295.0,296.12,295.92,296.55,296.32,296.58
Small Town,Mayo,Ballyhaunis,TOTAL MARK,259.0,263.0,270.0,279.0,287.0,295.0,294.66,294.57,294.51,294.47,296.0,295.42,295.3,294.21,295.13,295.31
Village,Kildare,Timolin,TOTAL MARK,262.0,269.0,272.0,279.0,289.0,295.0,296.24,296.18,296.12,296.17,296.0,296.25,296.7,296.33,296.29,296.64
Village,Westmeath,Tang,TOTAL MARK,258.0,265.0,276.0,281.0,285.0,295.0,292.09,292.15,292.21,292.17,292.0,293.55,293.33,292.04,291.61,292.05
Village,Limerick,Athea,TOTAL MARK,243.0,250.0,269.0,278.0,285.0,294.0,293.78,293.67,293.69,293.36,292.0,292.78,292.6,291.8,292.3,292.29
Small Town,Dublin,Temple Bar,TOTAL MARK,274.0,276.0,279.0,283.0,286.0,294.0,292.03,292.14,292.16,292.33,295.0,292.21,292.62,293.52,293.87,293.64
Small Town,Roscommon,Boyle,TOTAL MARK,270.0,274.0,284.0,285.0,289.0,294.0,295.53,295.65,295.73,295.74,295.0,294.28,294.62,296.55,296.32,296.12
Small Town,Westmeath,Rochfortbridge,TOTAL MARK,256.0,263.0,275.0,280.0,284.0,294.0,291.19,291.25,291.32,291.25,292.0,292.15,291.95,291.8,290.91,291.67
Village,Westmeath,Tubberclair,TOTAL MARK,258.0,267.0,281.0,285.0,289.0,294.0,296.28,296.35,296.44,296.33,295.0,295.07,295.14,296.55,296.32,296.34
Small Town,Laois,Mountmellick,TOTAL MARK,266.0,272.0,276.0,279.0,290.0,294.0,297.0,296.99,296.96,297.01,296.0,295.18,295.38,296.33,296.29,295.9
Small Town,Limerick,Hospital,TOTAL MARK,266.0,270.0,279.0,280.0,289.0,293.0,296.05,296.08,296.1,296.07,295.0,293.87,294.66,296.33,296.32,295.7
Large Town,Meath,Ratoath,TOTAL MARK,254.0,259.0,274.0,283.0,288.0,293.0,296.12,296.06,296.07,295.86,297.0,296.13,296.22,295.86,294.47,294.84
Village,Galway,Roundstone,TOTAL MARK,268.0,272.0,278.0,282.0,286.0,293.0,292.46,292.55,292.58,292.67,295.0,293.12,293.22,294.21,294.46,294.06
Village,Roscommon,Knockcroghery,TOTAL MARK,264.0,268.0,276.0,281.0,285.0,293.0,291.79,291.85,291.88,291.91,290.0,292.18,291.82,292.04,291.61,292.05
Small Town,Mayo,Ballinrobe,TOTAL MARK,251.0,257.0,262.0,272.0,286.0,293.0,294.31,294.1,293.97,293.9,297.0,294.43,293.67,292.21,294.01,293.98
Village,Louth,Collon,TOTAL MARK,275.0,279.0,284.0,287.0,292.0,293.0,298.37,298.45,298.48,298.57,299.0,295.5,296.62,300.53,298.37,297.49
Village,Offaly,Belmont,TOTAL MARK,273.0,276.0,278.0,280.0,281.0,293.0,286.43,286.63,286.7,286.95,287.0,290.05,290.14,291.08,289.13,289.47
Village,Wicklow,Laragh-Glendalough,TOTAL MARK,259.0,262.0,266.0,271.0,284.0,293.0,291.5,291.4,291.31,291.32,290.0,290.11,289.73,291.11,289.78,289.69
Village,Wicklow,Hollywood,TOTAL MARK,226.0,237.0,250.0,261.0,277.0,293.0,286.49,286.21,286.12,285.83,284.5,290.21,288.64,288.31,288.57,289.89
Large Town,Dublin,Blackrock,TOTAL MARK,265.0,269.0,271.0,278.0,283.0,292.0,289.52,289.55,289.53,289.68,290.0,291.63,291.03,291.8,290.91,291.12
Village,Cork,Inchigeelagh,TOTAL MARK,240.0,247.0,255.0,269.0,280.0,292.0,288.71,288.49,288.37,288.23,288.0,290.02,289.2,289.07,288.11,289.03
Village,Clare,Killimer,TOTAL MARK,268.0,272.0,275.0,282.0,285.0,292.0,291.37,291.44,291.44,291.59,290.0,291.47,291.32,292.14,291.61,291.22
Small Town,Cork,Newmarket,TOTAL MARK,269.0,274.0,279.0,284.0,288.0,292.0,294.47,294.55,294.57,294.67,295.0,292.66,293.13,295.86,294.53,294.22
Small Town,Wicklow,Tinahely,TOTAL MARK,262.0,266.0,268.0,274.0,284.0,292.0,291.03,290.98,290.91,291.01,290.0,291.25,290.69,291.23,290.05,290.2
Small Town,Wicklow,Newtown Mount Kennedy,TOTAL MARK,258.0,261.0,266.0,278.0,282.0,292.0,289.3,289.25,289.19,289.22,287.0,289.28,289.39,290.31,288.27,288.1
Village,Galway,Glenamaddy,TOTAL MARK,257.0,262.0,272.0,275.0,283.0,292.0,290.25,290.27,290.3,290.25,292.0,291.39,291.22,291.8,290.91,290.95
Village,Leitrim,Keshcarrigan,TOTAL MARK,266.0,271.0,276.0,280.0,285.0,292.0,291.47,291.55,291.58,291.68,290.0,291.32,291.15,292.04,291.61,291.22
Small Town,Kildare,Sallins,TOTAL MARK,261.0,272.0,274.0,282.0,286.0,291.0,292.49,292.55,292.56,292.72,296.0,292.49,292.9,294.21,294.46,293.5
Village,Kildare,Moone,TOTAL MARK,272.0,278.0,282.0,285.0,288.0,291.0,294.0,294.14,294.2,294.36,295.0,291.92,292.44,294.21,293.96,293.09
Village,Kilkenny,Bennettsbridge,TOTAL MARK,255.0,264.0,270.0,279.0,291.0,291.0,299.04,298.89,298.81,298.74,297.0,293.11,294.56,296.33,296.29,296.48
Village,Donegal,Narin-Portnoo,TOTAL MARK,251.0,264.0,270.0,275.0,281.0,291.0,287.79,287.86,287.91,287.99,287.0,290.57,290.0,291.08,289.78,289.83
Village,Clare,Cranny,TOTAL MARK,267.0,272.0,276.0,279.0,282.0,290.0,288.0,288.14,288.2,288.36,287.0,289.81,289.63,291.11,289.13,288.8
Small Town,Dublin,Newcastle Lyons,TOTAL MARK,224.0,235.0,255.0,267.0,280.0,290.0,289.97,289.7,289.66,289.22,288.0,289.93,289.58,289.07,288.98,289.65
Village,Sligo,Easkey,TOTAL MARK,256.0,260.0,267.0,275.0,285.0,290.0,292.79,292.68,292.62,292.56,292.0,290.32,290.79,291.27,290.75,290.8
Village,Cork,Knockraha,TOTAL MARK,265.0,271.0,277.0,281.0,285.0,290.0,291.45,291.55,291.59,291.68,290.0,290.79,291.17,292.04,291.61,291.22
Village,Kerry,Brosna,TOTAL MARK,259.0,262.0,268.0,275.0,285.0,290.0,292.57,292.48,292.42,292.39,290.0,290.64,290.86,291.27,290.75,290.8
Large Town,Kildare,Athy,TOTAL MARK,272.0,277.0,278.0,279.0,285.0,290.0,290.82,290.96,290.99,291.21,290.0,290.05,290.38,291.8,291.61,291.52
Village,Kerry,Kilmoyley,TOTAL MARK,237.0,252.0,263.0,273.0,286.0,290.0,294.78,294.6,294.55,294.36,297.0,295.49,294.62,292.21,294.73,295.04
Village,Limerick,Kilteely,TOTAL MARK,255.0,261.0,270.0,275.0,284.0,290.0,291.51,291.48,291.47,291.41,292.0,290.93,290.9,291.8,290.91,291.04
Village,Clare,Kilmihil,TOTAL MARK,269.0,271.0,276.0,279.0,281.0,290.0,286.99,287.14,287.19,287.34,287.0,289.62,289.68,291.08,289.13,289.01
Large Urban Centre,Cork,Togher,TOTAL MARK,246.0,257.0,264.0,272.0,283.0,290.0,290.88,290.79,290.75,290.7,292.0,289.73,289.3,291.11,290.12,289.83
Village,Tipperary,Hollyford,TOTAL MARK,266.0,271.0,275.0,283.0,287.0,290.0,293.72,293.75,293.74,293.83,296.0,292.84,293.82,295.86,294.47,294.07
Village,Limerick,Tournafulla,TOTAL MARK,267.0,270.0,276.0,279.0,284.0,289.0,290.47,290.55,290.58,290.67,290.0,289.68,289.96,291.8,290.91,290.58
Village,Offaly,Moneygall,TOTAL MARK,250.0,262.0,271.0,276.0,281.0,289.0,287.98,288.06,288.12,288.14,287.0,291.3,290.55,291.08,289.46,289.5
Large Town,Meath,Ashbourne,TOTAL MARK,241.0,252.0,265.0,271.0,282.0,289.0,290.28,290.19,290.2,290.02,288.0,288.65,288.17,289.42,288.35,288.37
Village,Carlow,Tinryland,TOTAL MARK,260.0,267.0,274.0,280.0,285.0,289.0,291.91,291.95,291.98,292.01,290.0,290.22,291.21,292.04,291.61,291.96
Small Town,Longford,Edgeworthstown,TOTAL MARK,244.0,253.0,263.0,270.0,282.0,289.0,290.21,290.09,290.06,289.92,288.0,287.78,287.84,289.42,288.28,288.3
Village,Dublin,Ballyboughal,TOTAL MARK,261.0,266.0,273.0,279.0,283.0,289.0,289.79,289.85,289.87,289.92,290.0,289.53,290.31,291.8,290.91,290.86
Village,Galway,Letterfrack,TOTAL MARK,249.0,255.0,267.0,273.0,280.0,288.0,287.69,287.67,287.69,287.58,288.0,287.7,287.52,289.07,287.69,287.6
Village,Limerick,Glenbrohane,TOTAL MARK,274.0,277.0,281.0,281.0,284.0,288.0,289.65,289.84,289.92,290.11,290.0,289.01,289.72,291.8,290.79,290.52
Village,Westmeath,Rathowen,TOTAL MARK,253.0,255.0,271.0,279.0,283.0,288.0,290.99,290.95,290.98,290.77,292.0,290.16,290.83,291.8,290.91,290.5
Village,Galway,Lawrencetown,TOTAL MARK,244.0,248.0,259.0,272.0,280.0,288.0,288.55,288.37,288.29,288.12,288.0,287.59,287.75,289.07,287.81,287.68
Small Town,Westmeath,Kinnegad,TOTAL MARK,250.0,257.0,267.0,272.0,276.0,288.0,282.98,283.05,283.11,283.11,284.5,285.94,285.14,284.87,284.44,284.35
Village,Westmeath,Milltownpass,TOTAL MARK,263.0,265.0,275.0,280.0,283.0,288.0,289.88,289.94,289.99,289.97,290.0,289.48,289.86,291.8,290.91,290.84
Village,Westmeath,Castledaly,TOTAL MARK,249.0,255.0,265.0,270.0,273.0,288.0,279.85,279.95,280.01,280.03,281.0,284.18,282.94,281.15,281.8,281.62
Village,Westmeath,Moyvore,TOTAL MARK,255.0,260.0,272.0,277.0,283.0,288.0,290.45,290.46,290.5,290.4,292.0,290.59,290.91,291.8,290.91,290.95
Village,Carlow,Ballinabranna,TOTAL MARK,251.0,258.0,268.0,276.0,282.0,288.0,289.59,289.56,289.57,289.5,287.0,288.27,288.23,290.31,288.34,288.25
Large Town,Meath,Dunboyne,TOTAL MARK,248.0,254.0,265.0,275.0,282.0,288.0,290.06,289.97,289.94,289.81,288.0,288.23,288.12,290.31,288.34,288.05
Small Town,Donegal,Carndonagh,TOTAL MARK,252.0,258.0,269.0,273.0,276.0,288.0,282.84,282.95,283.03,283.02,284.5,286.41,285.82,285.43,286.19,286.23
Small Town,Limerick,Abbeyfeale,TOTAL MARK,234.0,251.0,264.0,272.0,281.0,287.0,289.24,289.18,289.22,289.06,288.0,288.28,287.7,289.16,289.06,289.23
Small Town,Meath,Oldcastle,TOTAL MARK,250.0,253.0,260.0,273.0,279.0,287.0,286.88,286.76,286.68,286.63,284.5,285.35,285.5,288.7,285.29,284.97
Village,Galway,Carna,TOTAL MARK,258.0,266.0,268.0,272.0,281.0,287.0,287.64,287.68,287.66,287.8,287.0,287.97,288.04,289.16,288.27,288.34
Village,Galway,Castleblakeney,TOTAL MARK,256.0,260.0,270.0,275.0,282.0,287.0,289.37,289.37,289.38,289.32,287.0,288.71,289.06,291.11,289.13,289.17
Village,Galway,Creggs,TOTAL MARK,252.0,257.0,267.0,274.0,281.0,287.0,288.6,288.57,288.56,288.49,287.0,288.14,288.45,289.42,288.34,288.25
Small Town,Cork,Charleville,TOTAL MARK,253.0,257.0,262.0,273.0,279.0,287.0,286.43,286.36,286.3,286.32,284.5,285.12,285.44,288.7,285.21,285.04
Village,Tipperary,Toor,TOTAL MARK,250.0,264.0,269.0,276.0,280.0,287.0,286.66,286.75,286.8,286.92,287.0,287.6,288.26,290.31,288.81,288.85
Village,Longford,Ballinamuck,TOTAL MARK,234.0,243.0,254.0,262.0,274.0,287.0,282.43,282.29,282.25,282.1,281.0,285.11,284.15,281.15,283.26,283.62
Village,Louth,Omeath,TOTAL MARK,251.0,259.0,268.0,272.0,282.0,287.0,289.51,289.48,289.49,289.44,287.0,287.54,287.71,289.42,288.34,288.25
Village,Kerry,Kilcummin,TOTAL MARK,244.0,255.0,262.0,271.0,279.0,287.0,286.62,286.57,286.55,286.54,284.5,286.21,285.85,288.7,285.06,285.08
Village,Tipperary,Rearcross/Crois Na Rae,TOTAL MARK,244.0,256.0,264.0,274.0,279.0,287.0,286.47,286.46,286.47,286.46,284.5,285.94,286.1,288.81,285.4,285.42
Village,Roscommon,Dysart,TOTAL MARK,228.0,254.0,271.0,274.0,280.0,287.0,287.65,287.76,287.95,287.8,288.0,288.98,289.32,290.32,289.17,289.17
Village,Cork,Boherbue,TOTAL MARK,258.0,263.0,265.0,272.0,279.0,286.0,285.76,285.77,285.73,285.86,284.5,285.56,285.52,288.7,285.21,285.04
Village,Monaghan,Scotstown,TOTAL MARK,264.0,272.0,275.0,276.0,281.0,286.0,286.89,287.05,287.12,287.32,287.0,288.63,288.48,291.08,289.13,288.24
Village,Kerry,Chapeltown,TOTAL MARK,248.0,258.0,264.0,273.0,281.0,286.0,288.52,288.47,288.44,288.45,287.0,286.65,286.61,289.16,288.34,288.05
Village,Cork,Killeagh,TOTAL MARK,249.0,256.0,261.0,266.0,280.0,286.0,287.71,287.6,287.53,287.52,287.0,286.2,286.24,289.07,287.18,286.85
Small Town,Kildare,Monasterevin,TOTAL MARK,243.0,250.0,256.0,271.0,280.0,286.0,288.37,288.18,288.06,287.99,288.0,287.0,287.17,289.07,287.46,287.34
Village,Roscommon,Loughglinn,TOTAL MARK,242.0,250.0,265.0,273.0,279.0,286.0,287.11,287.06,287.1,286.91,284.5,285.68,285.86,288.7,285.47,285.49
Small Town,Mayo,Swinford,TOTAL MARK,240.0,248.0,258.0,269.0,276.0,285.0,284.06,283.97,283.94,283.84,284.5,284.1,284.26,284.87,284.7,284.71
Village,Cavan,Maghera,TOTAL MARK,241.0,254.0,266.0,275.0,279.0,285.0,286.64,286.65,286.71,286.62,284.5,285.67,286.27,288.81,285.47,285.49
Village,Wicklow,Coolboy,TOTAL MARK,251.0,260.0,263.0,269.0,280.0,285.0,287.23,287.19,287.14,287.21,287.0,285.69,286.01,289.07,287.39,287.06
Village,Wicklow,Glenealy,TOTAL MARK,240.0,251.0,257.0,268.0,276.0,284.0,283.75,283.67,283.63,283.63,284.5,283.75,283.86,284.87,284.7,284.71
Village,Cork,Aherla,TOTAL MARK,239.0,251.0,258.0,264.0,273.0,284.0,280.38,280.38,280.39,280.41,281.0,282.98,281.97,281.15,281.72,281.73
Large Town,Kildare,Kilcock,TOTAL MARK,253.0,258.0,264.0,273.0,279.0,284.0,286.29,286.26,286.23,286.25,284.5,284.72,285.06,288.7,285.21,285.04
Large Town,Kildare,Kildare,TOTAL MARK,247.0,258.0,263.0,266.0,277.0,284.0,284.08,284.09,284.09,284.16,284.5,283.69,283.74,288.31,284.77,284.32
Village,Longford,Derrahaun,TOTAL MARK,237.0,246.0,255.0,264.0,279.0,284.0,287.72,287.51,287.42,287.26,284.5,285.34,285.86,288.7,285.71,286.07
Village,Mayo,Tonragee,TOTAL MARK,256.0,259.0,265.0,271.0,277.0,284.0,283.94,283.96,283.95,284.0,284.5,284.01,284.2,288.31,284.94,284.77
Small Town,Sligo,Tubbercurry,TOTAL MARK,246.0,250.0,260.0,266.0,277.0,283.0,284.98,284.89,284.85,284.74,284.5,283.49,283.8,288.31,284.99,284.4
Village,Clare,Tulla,TOTAL MARK,257.0,262.0,266.0,272.0,277.0,283.0,283.6,283.66,283.66,283.78,284.5,284.27,284.38,288.31,285.21,285.04
Village,Tipperary,Ballinahinch,TOTAL MARK,247.0,258.0,264.0,272.0,277.0,283.0,284.02,284.06,284.08,284.14,284.5,283.74,284.18,288.31,285.29,284.99
Village,Tipperary,Moyne,TOTAL MARK,270.0,275.0,277.0,280.0,280.0,283.0,285.41,285.63,285.7,285.97,287.0,285.14,287.21,290.32,287.71,286.33
Village,Cork,Whiddy Island,TOTAL MARK,247.0,255.0,259.0,267.0,275.0,282.0,282.2,282.17,282.14,282.21,281.0,281.72,281.44,281.15,280.95,280.36
Village,Clare,Carrigaholt,TOTAL MARK,254.0,259.0,262.0,266.0,270.0,282.0,276.12,276.25,276.28,276.48,277.0,278.57,278.03,277.57,276.95,276.62
Village,Cavan,Kilnaleck,TOTAL MARK,225.0,241.0,254.0,265.0,272.0,282.0,280.34,280.27,280.29,280.15,275.0,281.59,280.41,277.86,280.72,281.39
Village,Clare,Connolly,TOTAL MARK,240.0,247.0,257.0,265.0,270.0,282.0,277.45,277.46,277.48,277.45,275.0,279.75,278.34,277.57,277.08,278.0
Small Town,Sligo,Ballymote,TOTAL MARK,252.0,256.0,262.0,265.0,275.0,281.0,282.08,282.08,282.07,282.11,281.0,280.91,280.85,281.15,280.95,280.63
Small Town,Sligo,Ballisodare,TOTAL MARK,254.0,257.0,262.0,265.0,276.0,281.0,283.11,283.09,283.05,283.1,284.5,282.08,282.41,284.87,283.93,283.6
Village,Westmeath,Coole,TOTAL MARK,247.0,253.0,265.0,271.0,276.0,281.0,283.43,283.46,283.5,283.42,284.5,282.22,283.33,284.87,284.09,283.8
Village,Westmeath,Drumcree,TOTAL MARK,249.0,257.0,266.0,270.0,274.0,281.0,280.75,280.85,280.92,280.97,281.0,280.85,281.04,281.15,281.12,280.95
Large Town,Galway,Loughrea,TOTAL MARK,252.0,255.0,268.0,270.0,275.0,281.0,282.07,282.16,282.23,282.17,281.0,281.0,281.5,281.15,281.12,281.03
Village,Galway,Kinvara,TOTAL MARK,218.0,242.0,257.0,262.0,270.0,281.0,277.93,277.97,278.1,277.98,275.0,279.4,278.8,277.57,278.17,279.23
Village,Cork,Coolea,TOTAL MARK,254.0,258.0,266.0,273.0,275.0,281.0,281.76,281.84,281.88,281.93,281.0,281.06,281.26,281.15,281.39,281.22
Village,Longford,Abbeylara,TOTAL MARK,250.0,257.0,261.0,266.0,275.0,281.0,281.97,281.98,281.96,282.05,281.0,281.07,280.77,281.15,280.95,280.63
Small Town,Cavan,Kingscourt,TOTAL MARK,248.0,256.0,267.0,274.0,278.0,281.0,285.32,285.35,285.4,285.35,284.5,286.17,286.07,288.7,285.29,285.19
Village,Kildare,Kilkea,TOTAL MARK,251.0,261.0,264.0,270.0,275.0,280.0,281.47,281.56,281.58,281.74,281.0,280.46,280.48,281.15,281.12,280.95
Village,Galway,Glinsk,TOTAL MARK,260.0,264.0,269.0,272.0,275.0,280.0,281.1,281.25,281.3,281.45,281.0,280.93,281.36,281.73,281.49,281.53
Village,Roscommon,Ballyforan,TOTAL MARK,240.0,249.0,265.0,269.0,274.0,280.0,281.6,281.66,281.76,281.61,281.0,280.15,280.89,281.15,281.72,281.73
Village,Roscommon,Gortaganny,TOTAL MARK,244.0,254.0,265.0,268.0,273.0,280.0,279.95,280.06,280.15,280.14,281.0,279.91,280.2,281.15,281.07,280.94
Village,Galway,Ahascragh,TOTAL MARK,246.0,249.0,265.0,269.0,273.0,279.0,280.5,280.55,280.63,280.49,281.0,279.32,279.89,281.15,281.17,280.72
Village,Donegal,Clonmany,TOTAL MARK,258.0,266.0,267.0,269.0,272.0,279.0,277.54,277.75,277.81,278.1,277.0,278.62,278.64,277.86,279.14,279.06
Village,Cork,Toormore,TOTAL MARK,247.0,255.0,259.0,262.0,270.0,279.0,276.6,276.67,276.69,276.83,275.0,273.02,273.7,277.57,275.98,275.38
Small Town,Cork,Kanturk,TOTAL MARK,249.0,252.0,255.0,262.0,269.0,279.0,275.86,275.87,275.83,275.95,275.0,274.93,274.94,277.28,274.93,274.46
Village,Westmeath,Crookedwood,TOTAL MARK,252.0,256.0,264.0,268.0,273.0,278.0,279.78,279.86,279.89,279.94,281.0,280.13,279.86,281.15,280.95,280.63
Village,Westmeath,Ballykeeran,TOTAL MARK,248.0,254.0,262.0,266.0,268.0,278.0,274.39,274.54,274.62,274.72,274.0,273.79,274.18,276.22,273.95,273.44
Village,Tipperary,Ballingarry (South),TOTAL MARK,224.0,238.0,249.0,260.0,266.0,278.0,274.01,273.96,273.98,273.91,274.0,276.98,275.8,276.22,275.78,276.31
Small Town,Leitrim,Manorhamilton/Cluainin Ui Ruairc,TOTAL MARK,235.0,247.0,253.0,262.0,269.0,278.0,276.38,276.37,276.36,276.41,275.0,277.15,276.1,277.28,275.83,276.65
Small Town,Sligo,Collooney,TOTAL MARK,231.0,237.0,242.0,259.0,272.0,278.0,281.0,280.7,280.51,280.41,275.0,282.08,279.88,277.86,279.86,279.86
Village,Tipperary,Capparoe,TOTAL MARK,249.0,258.0,263.0,269.0,273.0,278.0,279.56,279.65,279.69,279.82,281.0,279.49,280.0,281.15,280.95,280.63
Village,Carlow,Kildavin,TOTAL MARK,251.0,255.0,266.0,270.0,274.0,278.0,280.97,281.05,281.11,281.09,281.0,279.83,280.47,281.15,281.12,280.95
Village,Donegal,Downings,TOTAL MARK,241.0,251.0,257.0,262.0,266.0,278.0,272.53,272.65,272.71,272.84,274.0,276.46,276.08,276.22,274.52,274.22
Village,Galway,Leenane,TOTAL MARK,245.0,250.0,261.0,267.0,271.0,278.0,278.2,278.25,278.3,278.27,277.0,276.86,276.54,277.57,276.48,276.34
Small Town,Donegal,Falcarragh,TOTAL MARK,252.0,258.0,262.0,266.0,272.0,277.0,278.48,278.56,278.58,278.72,277.0,278.09,278.14,277.86,278.76,278.43
Village,Louth,Louth,TOTAL MARK,246.0,252.0,256.0,261.0,271.0,277.0,278.1,278.08,278.05,278.13,275.0,275.13,275.56,277.57,275.98,275.38
Village,Wexford,Marshalstown,TOTAL MARK,251.0,253.0,261.0,263.0,269.0,277.0,275.67,275.76,275.8,275.86,277.0,276.13,275.57,277.28,274.93,274.6
Small Town,Limerick,Annacotty,TOTAL MARK,242.0,248.0,255.0,255.0,267.0,277.0,274.07,274.09,274.11,274.15,274.0,273.85,273.56,273.22,273.19,272.59
Village,Tipperary,Rosegreen,TOTAL MARK,208.0,227.0,240.0,256.0,263.0,277.0,271.91,271.77,271.76,271.59,267.0,268.47,269.21,268.4,269.52,269.75
Village,Limerick,Glenosheen,TOTAL MARK,253.0,259.0,265.0,268.0,271.0,276.0,277.19,277.35,277.42,277.56,277.0,277.31,277.44,277.57,276.95,276.62
Small Town,Dublin,Woodstown Village,TOTAL MARK,209.0,229.0,237.0,253.0,265.0,276.0,274.01,273.79,273.71,273.61,274.0,275.77,275.36,273.22,274.38,274.6
Small Town,Waterford,Portlaw,TOTAL MARK,252.0,257.0,261.0,264.0,269.0,276.0,275.24,275.36,275.39,275.56,277.0,275.26,274.71,277.28,274.93,274.6
Village,Donegal,Gort a' Choirce,TOTAL MARK,257.0,261.0,262.0,267.0,270.0,276.0,275.91,276.05,276.06,276.31,277.0,276.5,276.87,277.57,276.36,276.03
Village,Donegal,Annagry,TOTAL MARK,242.0,247.0,253.0,258.0,262.0,276.0,268.55,268.65,268.69,268.82,267.0,271.43,270.8,271.65,269.84,270.8
Village,Leitrim,Newtowngore,TOTAL MARK,240.0,250.0,255.0,259.0,265.0,276.0,271.56,271.66,271.71,271.85,274.0,275.65,275.2,276.22,274.52,274.22
Village,Tipperary,Templetuohy,TOTAL MARK,241.0,253.0,260.0,267.0,271.0,276.0,277.87,277.95,278.0,278.08,275.0,276.0,275.75,277.57,276.16,275.89
Village,Waterford,Ballyduff Upper,TOTAL MARK,245.0,250.0,255.0,261.0,269.0,276.0,276.07,276.07,276.05,276.13,275.0,275.58,275.09,277.28,275.43,275.05
Village,Kildare,Milltown,TOTAL MARK,226.0,235.0,243.0,255.0,271.0,275.0,280.09,279.81,279.68,279.52,275.0,275.56,275.95,277.19,276.21,276.03
Village,Clare,Whitegate,TOTAL MARK,240.0,245.0,258.0,264.0,268.0,275.0,275.41,275.45,275.51,275.43,274.0,274.93,275.22,276.22,274.69,274.52
Large Town,Dublin,Palmerstown,TOTAL MARK,219.0,240.0,251.0,256.0,264.0,275.0,271.51,271.57,271.67,271.65,274.0,274.93,273.98,272.6,271.63,271.11
Village,Kerry,Farranfore,TOTAL MARK,229.0,239.0,248.0,260.0,270.0,275.0,278.44,278.28,278.22,278.12,275.0,275.6,275.94,277.57,277.08,276.79
Small Town,Limerick,Rathkeale,TOTAL MARK,239.0,242.0,252.0,259.0,269.0,274.0,276.97,276.88,276.84,276.75,275.0,274.55,274.7,277.28,275.83,275.44
Village,Kerry,Knockanure,TOTAL MARK,251.0,258.0,261.0,266.0,271.0,274.0,277.36,277.46,277.48,277.65,277.0,274.64,275.28,277.57,275.98,275.65
Village,Sligo,Dromore West,TOTAL MARK,230.0,241.0,248.0,257.0,268.0,274.0,275.99,275.89,275.84,275.81,274.0,274.03,273.9,273.22,273.64,273.44
Village,Kerry,Ballinskelligs,TOTAL MARK,220.0,230.0,238.0,254.0,267.0,274.0,276.18,275.9,275.76,275.61,274.0,274.9,274.7,273.22,273.82,273.89
Small Town,Kildare,Castledermot,TOTAL MARK,242.0,251.0,256.0,262.0,270.0,274.0,277.06,277.07,277.07,277.15,275.0,275.24,276.07,277.57,276.55,276.27
Small Town,Limerick,Caherdavin,TOTAL MARK,233.0,244.0,250.0,255.0,268.0,274.0,275.66,275.6,275.57,275.58,274.0,273.83,273.9,273.22,273.64,273.44
Village,Wexford,Courtnacuddy,TOTAL MARK,251.0,254.0,263.0,265.0,268.0,274.0,274.4,274.55,274.63,274.7,274.0,274.26,274.4,276.22,273.95,273.56
Village,Laois,Attanagh,TOTAL MARK,249.0,253.0,258.0,264.0,269.0,274.0,275.7,275.76,275.76,275.87,275.0,274.17,274.24,277.28,274.93,274.46
Village,Cork,Ballylickey,TOTAL MARK,243.0,246.0,249.0,259.0,265.0,273.0,272.09,272.06,272.0,272.12,274.0,273.63,274.23,276.22,274.62,274.45
Village,Tipperary,Ballycommon,TOTAL MARK,228.0,246.0,252.0,263.0,268.0,273.0,275.34,275.36,275.38,275.45,274.0,273.95,274.74,276.22,274.69,274.52
Village,Westmeath,Finea/Fiodh An Átha,TOTAL MARK,241.0,243.0,255.0,261.0,266.0,273.0,273.44,273.46,273.49,273.42,274.0,274.11,274.28,276.22,274.69,274.52
Village,Cork,Mogeely,TOTAL MARK,248.0,253.0,258.0,265.0,270.0,273.0,276.82,276.86,276.85,276.96,275.0,274.52,274.6,277.57,275.98,275.38
Village,Roscommon,Strokestown,TOTAL MARK,235.0,243.0,253.0,264.0,267.0,273.0,274.55,274.55,274.56,274.54,274.0,274.83,274.79,276.22,274.69,274.52
Village,Roscommon,Cootehall,TOTAL MARK,240.0,247.0,259.0,260.0,265.0,273.0,271.83,271.96,272.06,272.06,274.0,274.27,274.86,276.22,274.69,275.08
Village,Kildare,Nurney,TOTAL MARK,241.0,254.0,258.0,261.0,267.0,272.0,273.33,273.46,273.53,273.71,274.0,272.63,273.29,276.22,274.14,273.84
Village,Kerry,Kilgarvan,TOTAL MARK,213.0,235.0,240.0,256.0,268.0,272.0,276.69,276.49,276.41,276.37,274.0,275.16,275.1,273.22,273.82,273.89
Village,Clare,Barefield,TOTAL MARK,243.0,248.0,255.0,262.0,266.0,272.0,272.9,272.95,272.97,273.04,274.0,273.5,274.0,276.22,274.45,274.15
Village,Cork,Castletownshend,TOTAL MARK,249.0,254.0,253.0,258.0,264.0,272.0,270.07,270.16,270.14,270.42,274.0,272.31,272.6,275.65,271.95,272.13
Small Town,Tipperary,Newport,TOTAL MARK,238.0,249.0,255.0,263.0,268.0,272.0,275.01,275.06,275.08,275.16,274.0,275.32,274.81,276.22,274.52,274.22
Village,Meath,Rath Cairn,TOTAL MARK,243.0,255.0,258.0,263.0,269.0,272.0,275.46,275.56,275.6,275.78,275.0,272.91,273.2,277.28,275.05,274.67
Village,Cork,Clondrohid,TOTAL MARK,248.0,254.0,260.0,267.0,270.0,271.0,276.67,276.75,276.77,276.88,275.0,272.66,273.59,277.57,275.98,275.38
Village,Galway,Newbridge,TOTAL MARK,209.0,216.0,240.0,246.0,256.0,271.0,265.3,265.18,265.25,264.84,261.0,267.84,267.07,264.45,267.37,269.84
Village,Longford,Mullinalaghta,TOTAL MARK,227.0,232.0,241.0,252.0,262.0,270.0,270.33,270.18,270.11,270.02,267.0,269.2,268.96,268.4,268.97,269.03
Village,Donegal,Dore,TOTAL MARK,236.0,242.0,245.0,250.0,258.0,270.0,264.73,264.77,264.76,264.92,267.0,268.2,267.41,267.3,267.29,267.39
Village,Clare,Bodyke,TOTAL MARK,229.0,232.0,246.0,254.0,259.0,270.0,266.88,266.86,266.88,266.76,267.0,268.31,267.36,267.3,267.29,267.33
Village,Kerry,Lauragh,TOTAL MARK,255.0,257.0,259.0,266.0,268.0,270.0,274.13,274.24,274.24,274.46,274.0,271.7,272.8,276.22,273.95,272.96
Village,Kerry,Duagh,TOTAL MARK,218.0,227.0,237.0,257.0,266.0,270.0,275.36,275.08,274.94,274.75,274.0,276.63,275.59,273.22,273.82,273.89
Village,Donegal,Manorcunningham,TOTAL MARK,221.0,234.0,241.0,248.0,256.0,269.0,263.36,263.37,263.4,263.46,261.0,266.67,266.3,264.45,264.8,264.84
Village,Wexford,Hollyfort,TOTAL MARK,220.0,230.0,244.0,251.0,260.0,268.0,268.23,268.18,268.21,268.06,267.0,266.85,266.5,267.3,267.29,267.12
Small Town,Galway,Moycullen,TOTAL MARK,222.0,232.0,243.0,254.0,261.0,268.0,269.14,269.07,269.06,268.97,267.0,268.13,267.56,268.12,267.99,268.05
Village,Offaly,Mucklagh,TOTAL MARK,212.0,244.0,252.0,257.0,262.0,268.0,268.78,268.96,269.13,269.26,267.0,268.21,268.85,268.52,268.78,268.26
Village,Cork,Ballinspittle,TOTAL MARK,218.0,239.0,243.0,252.0,258.0,267.0,265.0,265.06,265.11,265.27,267.0,266.76,266.7,267.3,267.29,267.11
Small Town,Longford,Ballymahon,TOTAL MARK,221.0,232.0,236.0,244.0,258.0,267.0,265.92,265.8,265.73,265.77,267.0,267.43,266.83,267.3,267.29,267.35
Village,Cork,Dursey Island,TOTAL MARK,238.0,245.0,248.0,255.0,261.0,267.0,267.71,267.76,267.75,267.92,267.0,266.75,267.06,268.12,267.59,267.4
Village,Westmeath,Loughnavalley,TOTAL MARK,233.0,239.0,254.0,257.0,259.0,267.0,266.0,266.14,266.27,266.22,267.0,265.37,266.1,267.3,267.1,266.62
Village,Kildare,Robertstown,TOTAL MARK,246.0,249.0,253.0,259.0,263.0,266.0,269.47,269.55,269.56,269.72,267.0,270.67,270.11,271.65,269.48,268.74
Village,Tipperary,Shevry,TOTAL MARK,238.0,250.0,255.0,261.0,262.0,266.0,268.16,268.34,268.42,268.62,267.0,268.1,268.82,271.65,269.67,269.14
Village,Limerick,Cappamore,TOTAL MARK,234.0,238.0,246.0,254.0,260.0,266.0,267.37,267.36,267.35,267.37,267.0,266.34,266.76,267.3,267.29,267.09
Village,Cavan,Kilcogy,TOTAL MARK,239.0,243.0,251.0,256.0,260.0,265.0,266.76,266.85,266.9,266.97,267.0,265.26,265.61,267.3,266.89,266.42
Village,Laois,Spink,TOTAL MARK,249.0,252.0,254.0,256.0,262.0,265.0,268.03,268.16,268.18,268.41,267.0,267.5,267.46,268.4,267.77,266.85
Village,Wexford,Oylegate,TOTAL MARK,243.0,243.0,253.0,256.0,260.0,264.0,266.75,266.85,266.91,266.94,267.0,266.75,266.15,267.3,266.75,266.27
Small Town,Louth,Monasterboice,TOTAL MARK,216.0,225.0,233.0,244.0,255.0,264.0,263.33,263.19,263.12,263.07,261.0,262.81,262.6,262.2,263.2,262.93
Village,Mayo,Ballindine,TOTAL MARK,226.0,232.0,239.0,249.0,257.0,264.0,264.74,264.67,264.63,264.64,261.0,265.48,265.22,264.45,264.8,264.84
Village,Roscommon,Tulsk,TOTAL MARK,230.0,240.0,251.0,257.0,259.0,264.0,265.92,266.04,266.14,266.17,267.0,265.24,265.91,267.3,267.1,266.62
Village,Wicklow,Ballycoog,TOTAL MARK,213.0,221.0,228.0,238.0,248.0,263.0,255.97,255.88,255.83,255.84,256.0,259.96,259.29,257.33,258.48,260.23
Village,Monaghan,Greenan's Cross,TOTAL MARK,219.0,240.0,249.0,255.0,259.0,263.0,265.92,266.05,266.17,266.26,267.0,266.49,266.68,267.3,267.1,266.69
Village,Wicklow,Rathdangan,TOTAL MARK,222.0,229.0,232.0,239.0,250.0,262.0,257.33,257.29,257.23,257.36,256.0,257.61,257.04,257.33,256.78,256.1
Village,Sligo,Ballygawley,TOTAL MARK,229.0,237.0,241.0,246.0,257.0,262.0,264.2,264.19,264.16,264.27,261.0,263.63,264.78,264.45,264.8,264.25
Village,Cork,Newtownshandrum,TOTAL MARK,229.0,235.0,242.0,248.0,254.0,262.0,261.01,261.06,261.08,261.17,261.0,261.39,261.68,261.74,261.25,261.25
Village,Tipperary,Castleiney,TOTAL MARK,233.0,240.0,250.0,256.0,258.0,262.0,264.83,264.94,265.02,265.07,267.0,264.99,265.79,267.3,267.1,266.91
Village,Louth,Baltray,TOTAL MARK,226.0,231.0,236.0,241.0,251.0,261.0,258.19,258.18,258.16,258.26,261.0,259.49,258.69,257.78,259.05,259.01
Village,Tipperary,Cullen,TOTAL MARK,217.0,226.0,233.0,246.0,254.0,261.0,262.08,261.97,261.91,261.91,261.0,261.07,261.22,261.74,261.25,260.97
Small Town,Louth,Termonfeckin,TOTAL MARK,231.0,237.0,244.0,248.0,255.0,261.0,261.9,261.97,262.0,262.09,261.0,261.39,261.68,262.2,262.64,261.59
Village,Kildare,Suncroft,TOTAL MARK,241.0,250.0,253.0,254.0,257.0,261.0,262.61,262.85,262.94,263.22,261.0,262.23,263.24,264.45,263.6,262.11
Village,Longford,Lisryan,TOTAL MARK,208.0,219.0,227.0,235.0,248.0,261.0,256.21,256.1,256.06,256.03,256.0,259.6,257.9,257.33,258.48,259.49
Village,Mayo,Knock,TOTAL MARK,223.0,233.0,238.0,248.0,254.0,260.0,261.26,261.26,261.25,261.35,261.0,260.77,261.36,261.74,261.25,261.21
Village,Galway,An Cheathrú Rua,TOTAL MARK,221.0,230.0,234.0,244.0,253.0,260.0,260.54,260.48,260.43,260.52,261.0,260.57,260.52,260.02,260.54,260.26
Small Town,Donegal,Ballyshannon,TOTAL MARK,208.0,229.0,235.0,242.0,249.0,260.0,256.09,256.17,256.24,256.37,256.0,258.22,257.12,257.33,256.96,256.46
Small Town,Cavan,Ballyconnell,TOTAL MARK,218.0,230.0,244.0,251.0,256.0,260.0,263.72,263.76,263.84,263.76,261.0,262.97,263.35,264.45,264.24,263.64
Village,Tipperary,Ballycahill,TOTAL MARK,220.0,237.0,243.0,249.0,254.0,259.0,260.74,260.86,260.94,261.09,261.0,261.24,261.21,261.74,261.25,260.81
Village,Longford,Killashee,TOTAL MARK,224.0,231.0,237.0,242.0,250.0,259.0,257.03,257.07,257.08,257.19,256.0,258.18,257.06,257.33,256.96,256.8
Village,Tipperary,Kilross,TOTAL MARK,203.0,213.0,223.0,235.0,246.0,257.0,254.64,254.49,254.43,254.34,256.0,255.21,253.16,252.97,254.48,254.91
Village,Longford,Taghshinny,TOTAL MARK,206.0,221.0,230.0,237.0,248.0,257.0,255.93,255.89,255.9,255.9,256.0,257.87,257.4,257.33,258.48,258.19
Village,Kildare,Narraghmore,TOTAL MARK,238.0,242.0,244.0,247.0,251.0,256.0,256.89,257.05,257.09,257.36,261.0,256.65,256.94,257.78,258.28,257.43
Village,Clare,Mullagh,TOTAL MARK,235.0,237.0,243.0,248.0,251.0,256.0,257.43,257.55,257.59,257.74,261.0,256.56,257.28,257.78,259.05,258.41
Village,Clare,Kilkishen,TOTAL MARK,198.0,208.0,231.0,241.0,247.0,256.0,256.14,256.06,256.14,255.8,256.0,255.07,254.56,253.54,255.15,255.58
Small Town,Limerick,Moyross,TOTAL MARK,216.0,222.0,243.0,246.0,249.0,256.0,256.75,256.85,257.0,256.8,256.0,255.79,256.4,257.33,256.96,256.46
Village,Roscommon,Cloonfad,TOTAL MARK,232.0,235.0,244.0,247.0,249.0,256.0,255.37,255.54,255.63,255.75,256.0,255.55,255.32,257.33,256.39,255.73
Village,Cavan,Blacklion,TOTAL MARK,217.0,228.0,242.0,248.0,251.0,256.0,258.35,258.45,258.56,258.52,261.0,257.41,258.12,257.78,259.05,259.01
Village,Limerick,Woodlawn,TOTAL MARK,209.0,222.0,232.0,242.0,249.0,255.0,256.89,256.87,256.89,256.87,256.0,255.95,256.46,257.33,256.78,255.76
Small Town,Cork,Shandon,TOTAL MARK,212.0,223.0,232.0,241.0,250.0,254.0,257.93,257.88,257.87,257.86,256.0,255.65,256.25,257.33,256.78,256.1
Village,Cork,Dromahane,TOTAL MARK,226.0,234.0,239.0,244.0,249.0,254.0,255.55,255.66,255.7,255.87,256.0,255.27,255.32,257.33,256.96,256.46
Small Town,Meath,Laytown,TOTAL MARK,229.0,232.0,238.0,246.0,249.0,254.0,255.78,255.85,255.86,255.99,256.0,256.59,255.89,257.33,256.96,256.5
Village,Wexford,Courtown Harbour,TOTAL MARK,221.0,227.0,233.0,241.0,249.0,254.0,256.39,256.37,256.35,256.42,256.0,255.29,255.32,257.33,256.78,256.05
Small Town,Longford,Granard,TOTAL MARK,221.0,223.0,228.0,234.0,247.0,252.0,254.69,254.6,254.52,254.57,256.0,253.89,254.24,253.54,254.25,252.77
Small Town,Meath,Stamullen,TOTAL MARK,200.0,206.0,228.0,240.0,246.0,251.0,255.29,255.16,255.2,254.85,256.0,253.24,252.95,252.97,253.02,251.99
Village,Tipperary,Dromineer,TOTAL MARK,206.0,227.0,234.0,243.0,246.0,251.0,252.93,253.05,253.14,253.29,256.0,252.6,253.21,252.97,253.23,251.9
Village,Kildare,Ballitore,TOTAL MARK,235.0,244.0,247.0,248.0,249.0,250.0,254.36,254.64,254.76,255.08,256.0,252.18,253.06,257.33,254.65,252.84
Village,Leitrim,Tullaghan,TOTAL MARK,208.0,218.0,221.0,228.0,240.0,249.0,247.43,247.4,247.35,247.49,244.0,246.81,245.52,244.78,247.71,248.58
Village,Longford,Carrickboy,TOTAL MARK,222.0,227.0,233.0,237.0,240.0,245.0,246.28,246.45,246.52,246.71,244.0,245.55,247.7,244.78,246.46,245.16
Village,Limerick,Elton,TOTAL MARK,201.0,205.0,225.0,231.0,237.0,244.0,245.37,245.37,245.44,245.22,244.0,242.21,242.79,241.39,244.69,244.19
Village,Donegal,Carrigans,TOTAL MARK,198.0,212.0,220.0,226.0,232.0,244.0,239.06,239.17,239.24,239.36,244.0,242.51,242.2,241.39,243.18,243.44
Small Town,Kildare,Prosperous,TOTAL MARK,212.0,222.0,226.0,236.0,240.0,244.0,246.89,246.95,246.96,247.15,244.0,245.31,246.74,244.78,246.46,244.88
Village,Tipperary,Shallee,TOTAL MARK,196.0,212.0,221.0,231.0,235.0,242.0,242.39,242.45,242.52,242.6,244.0,242.07,242.48,242.65,243.18,242.48
Village,Kildare,Kilmeague,TOTAL MARK,200.0,219.0,223.0,230.0,236.0,239.0,242.75,242.86,242.93,243.15,244.0,241.1,241.54,242.65,242.6,240.57
Village,Tipperary,Ballinure,TOTAL MARK,191.0,207.0,216.0,226.0,231.0,238.0,238.51,238.56,238.62,238.69,244.0,238.23,239.58,238.7,239.38,238.37
Small Town,Meath,Longwood,TOTAL MARK,201.0,204.0,216.0,221.0,224.0,228.0,231.03,231.15,231.23,231.29,244.0,231.52,237.02,234.0,230.98,228.89
